-- phpMyAdmin SQL Dump
-- version 5.1.0
-- https://www.phpmyadmin.net/
--
-- Host: 127.0.0.1
-- Waktu pembuatan: 23 Jan 2022 pada 11.23
-- Versi server: 10.4.18-MariaDB
-- Versi PHP: 8.0.3

SET SQL_MODE = "NO_AUTO_VALUE_ON_ZERO";
START TRANSACTION;
SET time_zone = "+00:00";


/*!40101 SET @OLD_CHARACTER_SET_CLIENT=@@CHARACTER_SET_CLIENT */;
/*!40101 SET @OLD_CHARACTER_SET_RESULTS=@@CHARACTER_SET_RESULTS */;
/*!40101 SET @OLD_COLLATION_CONNECTION=@@COLLATION_CONNECTION */;
/*!40101 SET NAMES utf8mb4 */;

--
-- Database: `tokoa`
--

-- --------------------------------------------------------

--
-- Struktur dari tabel `kategori`
--

CREATE TABLE `kategori` (
  `id` int(11) NOT NULL,
  `kategori` varchar(225) NOT NULL
) ENGINE=InnoDB DEFAULT CHARSET=utf8mb4;

--
-- Dumping data untuk tabel `kategori`
--

INSERT INTO `kategori` (`id`, `kategori`) VALUES
(5, 'speaker'),
(6, 'mesin cuci'),
(7, 'tv'),
(8, 'kulkas'),
(9, 'setrika'),
(10, 'mic'),
(11, 'kipas angin'),
(12, 'kompor gas'),
(13, 'speaker aktif');

-- --------------------------------------------------------

--
-- Struktur dari tabel `merk`
--

CREATE TABLE `merk` (
  `id` int(11) NOT NULL,
  `merk` varchar(225) NOT NULL
) ENGINE=InnoDB DEFAULT CHARSET=utf8mb4;

--
-- Dumping data untuk tabel `merk`
--

INSERT INTO `merk` (`id`, `merk`) VALUES
(35, 'asatron'),
(36, 'polytron'),
(37, 'sharp LED'),
(38, 'noise'),
(39, 'aqua'),
(40, 'electrolux'),
(41, 'denpo'),
(42, 'samsung'),
(43, 'DAT'),
(44, 'rinrei'),
(45, 'targa'),
(46, 'cosmos'),
(47, 'quantum'),
(48, 'GMC'),
(49, 'polytrom LED'),
(50, 'miyako'),
(51, 'philips'),
(52, 'trisonic'),
(53, 'sharp'),
(54, 'rinnai'),
(55, 'TOA'),
(56, 'toshiba'),
(57, 'JMK'),
(58, 'arashi general'),
(59, 'LG'),
(61, 'Maspion');

-- --------------------------------------------------------

--
-- Struktur dari tabel `penjualan`
--

CREATE TABLE `penjualan` (
  `id` int(11) NOT NULL,
  `kategoriId` int(11) NOT NULL,
  `produkId` int(11) NOT NULL,
  `merkId` int(11) NOT NULL,
  `sizeId` int(11) NOT NULL,
  `tgl_penjualan` int(15) NOT NULL
) ENGINE=InnoDB DEFAULT CHARSET=utf8mb4;

--
-- Dumping data untuk tabel `penjualan`
--

INSERT INTO `penjualan` (`id`, `kategoriId`, `produkId`, `merkId`, `sizeId`, `tgl_penjualan`) VALUES
(2, 5, 43, 35, 7, 1632525534),
(3, 6, 56, 36, 8, 1632525534),
(4, 5, 32, 35, 9, 1632525534),
(5, 7, 50, 37, 17, 1632525534),
(6, 5, 37, 38, 9, 1632525534),
(7, 8, 75, 39, 11, 1632525534),
(8, 9, 83, 40, 30, 1632525534),
(9, 5, 23, 35, 7, 1632525534),
(10, 5, 43, 35, 7, 1632525534),
(11, 6, 66, 41, 8, 1632525534),
(12, 8, 75, 39, 11, 1632525534),
(13, 6, 71, 42, 12, 1632525534),
(14, 6, 56, 36, 8, 1632525534),
(15, 5, 26, 35, 7, 1632525534),
(16, 5, 28, 43, 13, 1632525534),
(17, 5, 27, 35, 13, 1632525534),
(18, 5, 43, 35, 7, 1632525534),
(19, 6, 53, 39, 14, 1632525534),
(20, 5, 29, 44, 13, 1632525534),
(21, 10, 64, 45, 30, 1632525534),
(22, 11, 79, 46, 15, 1632525534),
(23, 5, 30, 35, 13, 1632525534),
(24, 12, 93, 47, 16, 1632525534),
(25, 11, 82, 46, 7, 1632525534),
(26, 6, 56, 36, 8, 1632525534),
(27, 5, 24, 38, 7, 1632525534),
(28, 5, 24, 38, 7, 1632525534),
(29, 7, 50, 37, 17, 1632525534),
(30, 5, 31, 48, 13, 1632525534),
(31, 7, 51, 49, 18, 1632525534),
(32, 8, 75, 39, 11, 1632525534),
(33, 5, 33, 35, 9, 1632525534),
(34, 8, 77, 39, 11, 1632525534),
(35, 10, 64, 45, 30, 1632525534),
(36, 5, 37, 38, 9, 1632525534),
(37, 6, 53, 39, 14, 1632525534),
(38, 5, 43, 35, 7, 1632525534),
(39, 9, 89, 50, 30, 1632525534),
(40, 13, 47, 43, 19, 1632525534),
(41, 12, 95, 54, 16, 1632525534),
(42, 9, 86, 51, 30, 1632525534),
(43, 9, 84, 40, 30, 1632525534),
(44, 5, 25, 35, 7, 1632525534),
(45, 6, 67, 41, 8, 1632525534),
(46, 11, 80, 52, 15, 1632525534),
(47, 12, 94, 47, 33, 1632525534),
(48, 6, 58, 53, 14, 1632525534),
(49, 12, 96, 54, 20, 1632525534),
(50, 8, 73, 39, 21, 1632525534),
(51, 10, 60, 55, 30, 1632525534),
(52, 7, 50, 37, 17, 1632525534),
(53, 5, 34, 35, 9, 1632525534),
(54, 7, 49, 36, 22, 1632525534),
(55, 6, 68, 56, 31, 1632525534),
(56, 5, 37, 38, 9, 1632525534),
(57, 10, 63, 57, 30, 1632525534),
(58, 8, 75, 39, 11, 1632525534),
(59, 7, 48, 36, 22, 1632525534),
(60, 5, 35, 35, 9, 1632525534),
(61, 7, 52, 37, 18, 1640387934),
(62, 5, 43, 35, 7, 1640387934),
(63, 10, 63, 57, 30, 1640387934),
(64, 5, 36, 44, 7, 1640387934),
(65, 6, 66, 41, 8, 1640387934),
(66, 5, 30, 35, 13, 1640387934),
(67, 9, 86, 51, 30, 1640387934),
(68, 7, 52, 37, 18, 1640387934),
(69, 5, 44, 35, 9, 1640387934),
(70, 11, 82, 46, 7, 1640387934),
(71, 6, 54, 39, 8, 1640387934),
(72, 6, 56, 36, 8, 1640387934),
(73, 9, 88, 46, 30, 1640387934),
(74, 11, 78, 58, 13, 1640387934),
(75, 5, 33, 35, 9, 1640387934),
(76, 9, 83, 40, 30, 1640387934),
(77, 8, 76, 36, 11, 1640387934),
(78, 5, 42, 35, 7, 1640387934),
(79, 5, 43, 35, 7, 1640387934),
(80, 10, 63, 57, 30, 1640387934),
(81, 9, 84, 40, 30, 1640387934),
(82, 9, 90, 50, 30, 1640387934),
(83, 7, 50, 37, 17, 1640387934),
(84, 6, 53, 39, 14, 1640387934),
(85, 12, 98, 54, 16, 1640387934),
(86, 7, 50, 37, 17, 1640387934),
(87, 6, 58, 53, 14, 1640387934),
(88, 6, 66, 41, 8, 1640387934),
(89, 5, 28, 43, 13, 1640387934),
(90, 5, 33, 35, 9, 1640387934),
(91, 5, 33, 35, 9, 1640387934),
(92, 5, 37, 38, 9, 1640387934),
(93, 5, 35, 35, 9, 1640387934),
(94, 9, 86, 51, 30, 1640387934),
(95, 7, 48, 36, 22, 1640387934),
(96, 6, 56, 36, 8, 1640387934),
(97, 5, 25, 35, 7, 1640387934),
(98, 5, 34, 35, 9, 1640387934),
(99, 7, 49, 36, 22, 1640387934),
(100, 6, 68, 56, 31, 1640387934),
(101, 8, 75, 39, 11, 1640387934),
(102, 9, 88, 46, 30, 1640387934),
(103, 5, 23, 35, 7, 1640387934),
(104, 9, 83, 40, 30, 1640387934),
(105, 10, 63, 57, 30, 1640387934),
(106, 5, 32, 35, 9, 1640387934),
(107, 8, 77, 39, 11, 1640387934),
(108, 9, 86, 51, 30, 1640387934),
(109, 5, 38, 38, 24, 1640387934),
(110, 9, 88, 46, 30, 1640387934),
(111, 5, 30, 35, 13, 1640387934),
(112, 9, 88, 46, 30, 1640387934),
(113, 7, 50, 37, 17, 1640387934),
(114, 6, 53, 39, 14, 1640387934),
(115, 5, 43, 35, 7, 1640387934),
(116, 9, 89, 50, 30, 1640387934),
(117, 6, 66, 41, 8, 1640387934),
(118, 5, 36, 44, 7, 1640387934),
(119, 8, 75, 39, 11, 1640387934),
(120, 7, 52, 37, 18, 1640387934),
(121, 5, 44, 35, 9, 1640387934),
(122, 11, 82, 46, 7, 1640387934),
(123, 5, 26, 35, 7, 1640387934),
(124, 5, 32, 35, 9, 1640387934),
(125, 7, 51, 49, 18, 1640387934),
(126, 9, 86, 51, 30, 1632701934),
(127, 5, 38, 38, 24, 1632701934),
(128, 5, 27, 35, 13, 1632701934),
(129, 12, 97, 54, 16, 1632701934),
(130, 7, 50, 37, 17, 1632701934),
(131, 5, 45, 35, 28, 1632701934),
(132, 5, 37, 38, 9, 1632701934),
(133, 11, 78, 58, 13, 1632701934),
(134, 8, 75, 39, 11, 1632701934),
(135, 10, 65, 38, 30, 1632701934),
(136, 5, 43, 35, 7, 1632701934),
(137, 10, 64, 45, 30, 1632701934),
(138, 5, 31, 48, 13, 1632701934),
(139, 5, 26, 35, 7, 1632701934),
(140, 7, 52, 37, 18, 1632701934),
(141, 9, 86, 51, 30, 1632701934),
(142, 11, 78, 58, 13, 1632701934),
(143, 6, 67, 41, 8, 1632701934),
(144, 9, 90, 50, 30, 1632701934),
(145, 7, 50, 37, 17, 1632701934),
(146, 6, 55, 36, 14, 1632701934),
(147, 11, 81, 50, 15, 1632701934),
(148, 5, 36, 44, 7, 1632701934),
(149, 12, 98, 54, 16, 1632701934),
(150, 5, 37, 38, 9, 1632701934),
(151, 5, 42, 35, 7, 1632701934),
(152, 12, 95, 54, 16, 1632701934),
(153, 9, 85, 51, 30, 1632701934),
(154, 5, 43, 35, 7, 1632701934),
(155, 9, 88, 46, 30, 1632701934),
(156, 5, 43, 35, 7, 1632701934),
(157, 5, 42, 35, 7, 1632701934),
(158, 5, 29, 44, 13, 1632701934),
(159, 6, 57, 53, 25, 1632701934),
(160, 5, 25, 35, 7, 1632701934),
(161, 11, 79, 46, 15, 1632701934),
(162, 5, 42, 35, 7, 1632701934),
(163, 5, 40, 35, 24, 1632701934),
(164, 9, 85, 51, 30, 1632701934),
(165, 8, 75, 39, 11, 1632701934),
(166, 6, 72, 39, 8, 1632701934),
(167, 8, 74, 59, 11, 1632701934),
(168, 6, 57, 53, 25, 1632701934),
(169, 6, 67, 41, 8, 1632701934),
(170, 12, 95, 54, 16, 1632701934),
(171, 7, 50, 37, 17, 1632701934),
(172, 5, 43, 35, 7, 1632701934),
(173, 12, 95, 54, 16, 1632701934),
(174, 5, 29, 44, 13, 1632701934),
(175, 6, 57, 53, 25, 1632701934),
(176, 12, 93, 47, 16, 1632701934),
(177, 9, 86, 51, 30, 1632701934),
(178, 9, 88, 46, 30, 1632701934),
(179, 5, 44, 35, 9, 1632701934),
(180, 5, 37, 38, 9, 1632701934),
(181, 5, 42, 35, 7, 1632701934),
(182, 10, 63, 57, 30, 1632701934),
(183, 6, 56, 36, 8, 1632701934),
(184, 5, 32, 35, 9, 1632701934),
(185, 5, 40, 35, 24, 1632701934),
(186, 11, 80, 52, 15, 1632701934),
(187, 8, 74, 59, 11, 1632701934),
(188, 5, 43, 35, 7, 1632701934),
(189, 5, 43, 35, 7, 1632701934),
(190, 10, 60, 55, 30, 1632701934),
(191, 12, 95, 54, 16, 1632701934),
(192, 6, 66, 41, 8, 1632788334),
(193, 11, 82, 46, 7, 1632788334),
(194, 9, 86, 51, 30, 1632788334),
(195, 5, 36, 44, 7, 1632788334),
(196, 7, 51, 49, 18, 1632788334),
(197, 9, 90, 50, 30, 1632788334),
(198, 8, 75, 39, 11, 1632788334),
(199, 11, 81, 50, 15, 1632788334),
(200, 9, 85, 51, 30, 1632788334),
(201, 12, 98, 54, 16, 1632788334),
(202, 12, 93, 47, 16, 1632788334),
(203, 9, 86, 51, 30, 1632788334),
(204, 6, 54, 39, 8, 1632788334),
(205, 6, 53, 39, 14, 1632788334),
(206, 5, 35, 35, 9, 1632788334),
(207, 5, 35, 35, 9, 1632788334),
(208, 5, 43, 35, 7, 1632788334),
(209, 10, 63, 57, 30, 1632788334),
(210, 6, 56, 36, 8, 1632788334),
(211, 5, 46, 48, 26, 1632788334),
(212, 8, 75, 39, 11, 1632788334),
(213, 6, 72, 39, 8, 1632788334),
(214, 5, 24, 38, 7, 1632788334),
(215, 7, 52, 37, 18, 1632788334),
(216, 12, 98, 54, 16, 1632788334),
(217, 7, 50, 37, 17, 1632788334),
(218, 5, 34, 35, 9, 1632788334),
(219, 7, 49, 36, 22, 1632788334),
(220, 6, 68, 56, 31, 1632788334),
(221, 9, 86, 51, 30, 1632788334),
(222, 5, 40, 35, 24, 1632788334),
(223, 6, 56, 36, 8, 1632788334),
(224, 5, 32, 35, 9, 1632788334),
(225, 5, 44, 35, 9, 1632788334),
(226, 12, 96, 54, 20, 1632788334),
(227, 5, 45, 35, 28, 1632788334),
(228, 5, 31, 48, 13, 1632788334),
(229, 5, 23, 35, 7, 1632788334),
(230, 8, 73, 39, 21, 1632788334),
(231, 6, 57, 53, 25, 1632788334),
(232, 12, 93, 47, 16, 1632788334),
(233, 5, 43, 35, 7, 1632788334),
(234, 10, 63, 57, 30, 1632788334),
(235, 5, 36, 44, 7, 1632788334),
(236, 8, 75, 39, 11, 1632788334),
(237, 6, 66, 41, 8, 1632788334),
(238, 7, 48, 36, 22, 1632788334),
(239, 5, 42, 35, 7, 1632788334),
(240, 7, 50, 37, 17, 1632788334),
(241, 10, 60, 55, 30, 1632788334),
(242, 12, 95, 54, 16, 1632788334),
(243, 5, 26, 35, 7, 1632788334),
(244, 8, 75, 39, 11, 1632788334),
(245, 9, 88, 46, 30, 1632788334),
(246, 5, 44, 35, 9, 1632788334),
(247, 6, 71, 42, 12, 1632788334),
(248, 5, 42, 35, 7, 1632788334),
(249, 5, 42, 35, 7, 1632788334),
(250, 5, 37, 38, 9, 1632788334),
(251, 9, 90, 50, 30, 1632788334),
(252, 6, 56, 36, 8, 1632788334),
(253, 5, 43, 35, 7, 1632788334),
(254, 7, 50, 37, 17, 1632788334),
(255, 6, 53, 39, 14, 1632788334),
(256, 6, 57, 53, 25, 1632788334),
(257, 11, 79, 46, 15, 1632874734),
(258, 11, 78, 58, 13, 1632874734),
(259, 8, 75, 39, 11, 1632874734),
(260, 8, 77, 39, 11, 1632874734),
(261, 6, 54, 39, 8, 1632874734),
(262, 7, 50, 37, 17, 1632874734),
(263, 10, 61, 55, 30, 1632874734),
(264, 5, 43, 35, 7, 1632874734),
(265, 9, 88, 46, 30, 1632874734),
(266, 9, 86, 51, 30, 1632874734),
(267, 12, 98, 54, 16, 1632874734),
(268, 12, 93, 47, 16, 1632874734),
(269, 5, 32, 35, 9, 1632874734),
(270, 10, 62, 57, 30, 1632874734),
(271, 6, 53, 39, 14, 1632874734),
(272, 9, 90, 50, 30, 1632874734),
(273, 5, 30, 35, 13, 1632874734),
(274, 9, 88, 46, 30, 1632874734),
(275, 8, 75, 39, 11, 1632874734),
(276, 6, 56, 36, 8, 1632874734),
(277, 9, 86, 51, 30, 1632874734),
(278, 7, 52, 37, 18, 1632874734),
(279, 8, 76, 36, 11, 1632874734),
(280, 5, 43, 35, 7, 1632874734),
(281, 5, 24, 38, 7, 1632874734),
(282, 9, 86, 51, 30, 1632874734),
(283, 5, 43, 35, 7, 1632874734),
(284, 5, 28, 43, 13, 1632874734),
(285, 10, 63, 57, 30, 1632874734),
(286, 11, 80, 52, 15, 1632874734),
(287, 9, 85, 51, 30, 1632874734),
(288, 5, 46, 48, 26, 1632874734),
(289, 10, 63, 57, 30, 1632874734),
(290, 9, 90, 50, 30, 1632874734),
(291, 12, 98, 54, 16, 1632874734),
(292, 5, 37, 38, 9, 1632874734),
(293, 5, 38, 38, 24, 1632874734),
(294, 6, 56, 36, 8, 1632874734),
(295, 5, 44, 35, 9, 1632874734),
(296, 5, 38, 38, 24, 1632874734),
(297, 9, 89, 50, 30, 1632874734),
(298, 5, 43, 35, 7, 1632874734),
(299, 10, 64, 45, 30, 1632874734),
(300, 11, 81, 50, 15, 1632874734),
(301, 12, 95, 54, 16, 1632874734),
(302, 5, 43, 35, 7, 1632961134),
(303, 6, 66, 41, 8, 1632961134),
(304, 5, 42, 35, 7, 1632961134),
(305, 9, 83, 40, 30, 1632961134),
(306, 9, 84, 40, 30, 1632961134),
(307, 5, 43, 35, 7, 1632961134),
(308, 6, 57, 53, 25, 1632961134),
(309, 5, 42, 35, 7, 1632961134),
(310, 8, 75, 39, 11, 1632961134),
(311, 8, 75, 39, 11, 1632961134),
(312, 10, 63, 57, 30, 1632961134),
(313, 5, 24, 38, 7, 1632961134),
(314, 6, 56, 36, 8, 1632961134),
(315, 6, 67, 41, 8, 1632961134),
(316, 5, 32, 35, 9, 1632961134),
(317, 5, 45, 35, 28, 1632961134),
(318, 5, 43, 35, 7, 1632961134),
(319, 6, 55, 36, 14, 1632961134),
(320, 5, 30, 35, 13, 1632961134),
(321, 9, 89, 50, 30, 1632961134),
(322, 6, 56, 36, 8, 1632961134),
(323, 6, 72, 39, 8, 1632961134),
(324, 6, 57, 53, 25, 1632961134),
(325, 12, 93, 47, 16, 1632961134),
(326, 5, 43, 35, 7, 1632961134),
(327, 8, 75, 39, 11, 1632961134),
(328, 11, 82, 46, 7, 1632961134),
(329, 5, 35, 35, 9, 1632961134),
(330, 5, 25, 35, 7, 1632961134),
(331, 7, 52, 37, 18, 1632961134),
(332, 9, 86, 51, 30, 1632961134),
(333, 5, 37, 38, 9, 1632961134),
(334, 10, 63, 57, 30, 1632961134),
(335, 6, 56, 36, 8, 1632961134),
(336, 5, 38, 38, 24, 1632961134),
(337, 5, 43, 35, 7, 1632961134),
(338, 9, 90, 50, 30, 1632961134),
(339, 5, 26, 35, 7, 1632961134),
(340, 11, 78, 58, 13, 1632961134),
(341, 6, 56, 36, 8, 1632961134),
(342, 5, 36, 44, 7, 1632961134),
(343, 8, 75, 39, 11, 1632961134),
(344, 5, 43, 35, 7, 1632961134),
(345, 5, 43, 35, 7, 1632961134),
(346, 9, 88, 46, 30, 1632961134),
(347, 8, 75, 39, 11, 1632961134),
(348, 5, 31, 48, 13, 1632961134),
(349, 6, 54, 39, 8, 1632961134),
(350, 5, 36, 44, 7, 1632961134),
(351, 6, 54, 39, 8, 1632961134),
(352, 5, 29, 44, 13, 1632961134),
(353, 13, 47, 43, 19, 1632961134),
(354, 5, 42, 35, 7, 1632961134),
(355, 5, 40, 35, 24, 1632961134),
(356, 8, 76, 36, 11, 1632961134),
(357, 5, 43, 35, 7, 1632961134),
(358, 5, 43, 35, 7, 1632961134),
(359, 9, 88, 46, 30, 1632961134),
(360, 5, 32, 35, 9, 1632961134),
(361, 7, 51, 49, 18, 1632961134),
(362, 5, 23, 35, 7, 1632961134),
(363, 5, 29, 44, 13, 1632961134),
(364, 5, 42, 35, 7, 1632961134),
(365, 6, 56, 36, 8, 1632961134),
(366, 12, 95, 54, 16, 1632961134),
(367, 6, 72, 39, 8, 1632961134),
(368, 5, 29, 44, 13, 1632961134),
(369, 10, 60, 55, 30, 1633047534),
(370, 6, 67, 41, 8, 1633047534),
(371, 5, 35, 35, 9, 1633047534),
(372, 5, 27, 35, 13, 1633047534),
(373, 5, 43, 35, 7, 1633047534),
(374, 7, 48, 36, 22, 1633047534),
(375, 12, 95, 54, 16, 1633047534),
(376, 8, 75, 39, 11, 1633047534),
(377, 10, 64, 45, 30, 1633047534),
(378, 5, 43, 35, 7, 1633047534),
(379, 6, 69, 56, 32, 1633047534),
(380, 9, 86, 51, 30, 1633047534),
(381, 12, 95, 54, 16, 1633047534),
(382, 8, 74, 59, 11, 1633047534),
(383, 5, 29, 44, 13, 1633047534),
(384, 8, 77, 39, 11, 1633047534),
(385, 10, 62, 57, 30, 1633047534),
(386, 9, 91, 61, 30, 1633047534),
(387, 6, 66, 41, 8, 1633047534),
(388, 5, 44, 35, 9, 1633047534),
(389, 9, 89, 50, 30, 1633047534),
(390, 12, 98, 54, 16, 1633047534),
(391, 6, 56, 36, 8, 1633047534),
(392, 9, 88, 46, 30, 1633047534),
(393, 10, 60, 55, 30, 1633047534),
(394, 8, 76, 36, 11, 1633047534),
(395, 8, 75, 39, 11, 1633047534),
(396, 5, 38, 38, 24, 1633047534),
(397, 6, 58, 53, 14, 1633047534),
(398, 11, 78, 58, 13, 1633047534),
(399, 12, 93, 47, 16, 1633047534),
(400, 5, 42, 35, 7, 1633047534),
(401, 5, 32, 35, 9, 1633047534),
(402, 10, 62, 57, 30, 1633047534),
(403, 6, 57, 53, 25, 1633047534),
(404, 5, 43, 35, 7, 1633047534),
(405, 10, 63, 57, 30, 1633047534),
(406, 6, 54, 39, 8, 1633047534),
(407, 10, 64, 45, 30, 1633047534),
(408, 5, 42, 35, 7, 1633047534),
(409, 11, 81, 50, 15, 1633047534),
(410, 5, 32, 35, 9, 1633047534),
(411, 5, 44, 35, 9, 1633047534),
(412, 6, 56, 36, 8, 1633047534),
(413, 6, 66, 41, 8, 1633047534),
(414, 8, 75, 39, 11, 1633047534),
(415, 5, 32, 35, 9, 1633047534),
(416, 7, 50, 37, 17, 1633047534),
(417, 5, 30, 35, 13, 1633047534),
(418, 6, 58, 53, 14, 1633047534),
(419, 6, 54, 39, 8, 1633047534),
(420, 5, 37, 38, 9, 1633047534),
(421, 5, 29, 44, 13, 1633047534),
(422, 6, 69, 56, 32, 1633047534),
(423, 5, 43, 35, 7, 1633047534),
(424, 9, 91, 61, 30, 1633047534),
(425, 7, 51, 49, 18, 1633047534),
(426, 11, 80, 52, 15, 1633047534),
(427, 12, 95, 54, 16, 1633047534),
(428, 12, 95, 54, 16, 1633047534),
(429, 11, 79, 46, 15, 1633047534),
(430, 5, 24, 38, 7, 1633047534),
(431, 6, 66, 41, 8, 1633047534),
(432, 9, 88, 46, 30, 1633047534),
(433, 5, 33, 35, 9, 1633047534),
(434, 9, 88, 46, 30, 1633047534),
(435, 9, 83, 40, 30, 1633047534),
(436, 6, 71, 42, 12, 1633047534),
(437, 6, 54, 39, 8, 1633047534),
(438, 8, 77, 39, 11, 1633047534),
(439, 5, 36, 44, 7, 1633047534),
(440, 8, 75, 39, 11, 1633047534),
(441, 5, 34, 35, 9, 1633047534),
(442, 7, 49, 36, 22, 1633047534),
(443, 6, 68, 56, 31, 1633047534),
(444, 7, 52, 37, 18, 1633047534),
(445, 5, 43, 35, 7, 1633047534),
(446, 5, 43, 35, 7, 1633047534),
(447, 5, 25, 35, 7, 1633047534),
(448, 5, 30, 35, 13, 1633047534),
(449, 9, 86, 51, 30, 1633047534),
(450, 9, 88, 46, 30, 1633047534),
(451, 5, 44, 35, 9, 1633047534),
(452, 5, 26, 35, 7, 1633047534),
(453, 5, 36, 44, 7, 1633047534),
(454, 8, 75, 39, 11, 1633047534),
(455, 9, 84, 40, 30, 1633047534),
(456, 8, 76, 36, 11, 1633047534),
(457, 5, 38, 38, 24, 1633047534),
(458, 6, 53, 39, 14, 1633047534),
(459, 8, 75, 39, 11, 1633047534),
(460, 6, 56, 36, 8, 1633047534),
(461, 5, 38, 38, 24, 1633047534),
(462, 9, 85, 51, 30, 1633133934),
(463, 5, 46, 48, 26, 1633133934),
(464, 5, 45, 35, 28, 1633133934),
(465, 11, 82, 46, 7, 1633133934),
(466, 7, 50, 37, 17, 1633133934),
(467, 6, 57, 53, 25, 1633133934),
(468, 12, 93, 47, 16, 1633133934),
(469, 5, 43, 35, 7, 1633133934),
(470, 5, 40, 35, 24, 1633133934),
(471, 6, 56, 36, 8, 1633133934),
(472, 5, 26, 35, 7, 1633133934),
(473, 5, 32, 35, 9, 1633133934),
(474, 10, 62, 57, 30, 1633133934),
(475, 5, 32, 35, 9, 1633133934),
(476, 5, 44, 35, 9, 1633133934),
(477, 8, 75, 39, 11, 1633133934),
(478, 6, 72, 39, 8, 1633133934),
(479, 7, 49, 36, 22, 1633133934),
(480, 6, 68, 56, 31, 1633133934),
(481, 6, 56, 36, 8, 1633133934),
(482, 9, 88, 46, 30, 1633133934),
(483, 5, 28, 43, 13, 1633133934),
(484, 8, 76, 36, 11, 1633133934),
(485, 12, 95, 54, 16, 1633133934),
(486, 11, 79, 46, 15, 1633133934),
(487, 10, 60, 55, 30, 1633133934),
(488, 5, 29, 44, 13, 1633133934),
(489, 6, 53, 39, 14, 1633133934),
(490, 5, 43, 35, 7, 1633133934),
(491, 9, 88, 46, 30, 1633133934),
(492, 12, 94, 47, 33, 1633133934),
(493, 7, 52, 37, 18, 1633133934),
(494, 7, 48, 36, 22, 1633133934),
(495, 6, 54, 39, 8, 1633133934),
(496, 8, 75, 39, 11, 1633133934),
(497, 5, 42, 35, 7, 1633133934),
(498, 6, 55, 36, 14, 1633133934),
(499, 6, 56, 36, 8, 1633133934),
(500, 11, 80, 52, 15, 1633133934),
(501, 11, 80, 52, 15, 1633133934),
(502, 7, 52, 37, 18, 1633133934),
(503, 5, 37, 38, 9, 1633133934),
(504, 11, 81, 50, 15, 1633133934),
(505, 5, 37, 38, 9, 1633133934),
(506, 6, 55, 36, 14, 1633133934),
(507, 5, 43, 35, 7, 1633133934),
(508, 11, 78, 58, 13, 1633133934),
(509, 9, 86, 51, 30, 1633133934),
(510, 5, 27, 35, 13, 1633133934),
(511, 5, 35, 35, 9, 1633133934),
(512, 8, 75, 39, 11, 1633133934),
(513, 6, 66, 41, 8, 1633133934),
(514, 9, 88, 46, 30, 1633133934),
(515, 10, 64, 45, 30, 1633133934),
(516, 9, 85, 51, 30, 1633133934),
(517, 6, 55, 36, 14, 1633220334),
(518, 11, 82, 46, 7, 1633220334),
(519, 6, 54, 39, 8, 1633220334),
(520, 5, 25, 35, 7, 1633220334),
(521, 7, 51, 49, 18, 1633220334),
(522, 5, 31, 48, 13, 1633220334),
(523, 10, 63, 57, 30, 1633220334),
(524, 7, 52, 37, 18, 1633220334),
(525, 6, 67, 41, 8, 1633220334),
(526, 9, 86, 51, 30, 1633220334),
(527, 8, 75, 39, 11, 1633220334),
(528, 6, 56, 36, 8, 1633220334),
(529, 12, 98, 54, 16, 1633220334),
(530, 11, 79, 46, 15, 1633220334),
(531, 6, 55, 36, 14, 1633220334),
(532, 12, 93, 47, 16, 1633220334),
(533, 10, 64, 45, 30, 1633220334),
(534, 6, 56, 36, 8, 1633220334),
(535, 5, 43, 35, 7, 1633220334),
(536, 12, 93, 47, 16, 1633220334),
(537, 10, 63, 57, 30, 1633220334),
(538, 9, 84, 40, 30, 1633220334),
(539, 9, 89, 50, 30, 1633220334),
(540, 9, 86, 51, 30, 1633220334),
(541, 7, 52, 37, 18, 1633220334),
(542, 6, 56, 36, 8, 1633220334),
(543, 8, 75, 39, 11, 1633220334),
(544, 5, 24, 38, 7, 1633220334),
(545, 10, 65, 38, 30, 1633220334),
(546, 5, 24, 38, 7, 1633220334),
(547, 6, 54, 39, 8, 1633220334),
(548, 5, 32, 35, 9, 1633220334),
(549, 5, 35, 35, 9, 1633220334),
(550, 9, 83, 40, 30, 1633220334),
(551, 6, 56, 36, 8, 1633220334),
(552, 10, 62, 57, 30, 1633220334),
(553, 8, 75, 39, 11, 1633220334),
(554, 9, 86, 51, 30, 1633220334),
(555, 5, 33, 35, 9, 1633220334),
(556, 7, 49, 36, 22, 1633220334),
(557, 6, 68, 56, 31, 1633220334),
(558, 5, 37, 38, 9, 1633220334),
(559, 12, 95, 54, 16, 1633220334),
(560, 5, 25, 35, 7, 1633220334),
(561, 5, 40, 35, 24, 1633220334),
(562, 5, 36, 44, 7, 1633220334),
(563, 8, 75, 39, 11, 1633220334),
(564, 7, 50, 37, 17, 1633220334),
(565, 11, 80, 52, 15, 1633220334),
(566, 11, 80, 52, 15, 1633220334),
(567, 5, 45, 35, 28, 1633220334),
(568, 5, 26, 35, 7, 1633220334),
(569, 8, 73, 39, 21, 1633220334),
(570, 12, 98, 54, 16, 1633220334),
(571, 8, 75, 39, 11, 1633220334),
(572, 5, 43, 35, 7, 1633220334),
(573, 5, 35, 35, 9, 1633220334),
(574, 5, 35, 35, 9, 1633220334),
(575, 5, 35, 35, 9, 1633220334),
(576, 11, 79, 46, 15, 1633220334),
(577, 5, 43, 35, 7, 1633220334),
(578, 9, 90, 50, 30, 1633220334),
(579, 11, 82, 46, 7, 1633220334),
(580, 11, 80, 52, 15, 1633220334),
(581, 6, 54, 39, 8, 1633220334),
(582, 5, 27, 35, 13, 1633306734),
(583, 12, 98, 54, 16, 1633306734),
(584, 5, 37, 38, 9, 1633306734),
(585, 5, 38, 38, 24, 1633306734),
(586, 5, 46, 48, 26, 1633306734),
(587, 5, 36, 44, 7, 1633306734),
(588, 10, 64, 45, 30, 1633306734),
(589, 5, 43, 35, 7, 1633306734),
(590, 8, 75, 39, 11, 1633306734),
(591, 6, 57, 53, 25, 1633306734),
(592, 6, 56, 36, 8, 1633306734),
(593, 8, 74, 59, 11, 1633306734),
(594, 5, 45, 35, 28, 1633306734),
(595, 5, 28, 43, 13, 1633306734),
(596, 10, 60, 55, 30, 1633306734),
(597, 6, 66, 41, 8, 1633306734),
(598, 8, 76, 36, 11, 1633306734),
(599, 5, 32, 35, 9, 1633306734),
(600, 5, 25, 35, 7, 1633306734),
(601, 5, 30, 35, 13, 1633306734),
(602, 9, 84, 40, 30, 1633306734),
(603, 12, 95, 54, 16, 1633306734),
(604, 9, 85, 51, 30, 1633306734),
(605, 6, 55, 36, 14, 1633306734),
(606, 5, 37, 38, 9, 1633306734),
(607, 8, 75, 39, 11, 1633306734),
(608, 12, 98, 54, 16, 1633306734),
(609, 6, 56, 36, 8, 1633306734),
(610, 6, 58, 53, 14, 1633306734),
(611, 5, 42, 35, 7, 1633306734),
(612, 9, 88, 46, 30, 1633306734),
(613, 5, 44, 35, 9, 1633306734),
(614, 9, 86, 51, 30, 1633306734),
(615, 5, 40, 35, 24, 1633306734),
(616, 5, 43, 35, 7, 1633306734),
(617, 6, 71, 42, 12, 1633306734),
(618, 6, 56, 36, 8, 1633306734),
(619, 12, 98, 54, 16, 1633306734),
(620, 6, 67, 41, 8, 1633306734),
(621, 9, 89, 50, 30, 1633306734),
(622, 5, 32, 35, 9, 1633306734),
(623, 7, 51, 49, 18, 1633306734),
(624, 8, 77, 39, 11, 1633306734),
(625, 6, 72, 39, 8, 1633306734),
(626, 10, 64, 45, 30, 1633306734),
(627, 6, 54, 39, 8, 1633306734),
(628, 5, 26, 35, 7, 1633306734),
(629, 9, 86, 51, 30, 1633306734),
(630, 9, 86, 51, 30, 1633306734),
(631, 9, 86, 51, 30, 1633306734),
(632, 6, 57, 53, 25, 1633306734),
(633, 12, 93, 47, 16, 1633306734),
(634, 11, 79, 46, 15, 1633306734),
(635, 6, 53, 39, 14, 1633306734),
(636, 5, 40, 35, 24, 1633306734),
(637, 6, 56, 36, 8, 1633306734),
(638, 7, 48, 36, 22, 1633306734),
(639, 7, 50, 37, 17, 1633306734),
(640, 5, 43, 35, 7, 1633306734),
(641, 8, 75, 39, 11, 1633306734),
(642, 5, 38, 38, 24, 1633306734),
(643, 9, 89, 50, 30, 1633306734),
(644, 9, 83, 40, 30, 1633306734),
(645, 6, 71, 42, 12, 1633306734),
(646, 5, 23, 35, 7, 1633306734),
(647, 10, 60, 55, 30, 1633306734),
(648, 5, 44, 35, 9, 1633306734),
(649, 9, 86, 51, 30, 1633306734),
(650, 8, 76, 36, 11, 1633306734),
(651, 11, 79, 46, 15, 1633306734),
(652, 5, 24, 38, 7, 1633306734),
(653, 7, 51, 49, 18, 1633306734),
(654, 11, 80, 52, 15, 1633306734),
(655, 11, 80, 52, 15, 1633306734),
(656, 5, 24, 38, 7, 1633306734),
(657, 9, 86, 51, 30, 1633306734),
(658, 6, 56, 36, 8, 1633306734),
(659, 11, 81, 50, 15, 1633306734),
(660, 6, 57, 53, 25, 1633306734),
(661, 5, 36, 44, 7, 1633306734),
(662, 8, 75, 39, 11, 1633306734),
(663, 8, 75, 39, 11, 1633306734),
(664, 5, 43, 35, 7, 1633306734),
(665, 5, 36, 44, 7, 1633306734),
(666, 5, 36, 44, 7, 1633306734),
(667, 5, 36, 44, 7, 1633306734),
(668, 5, 36, 44, 7, 1633306734),
(669, 5, 37, 38, 9, 1633306734),
(670, 8, 74, 59, 11, 1633306734),
(671, 8, 74, 59, 11, 1633306734),
(672, 8, 74, 59, 11, 1633306734),
(673, 5, 43, 35, 7, 1633306734),
(674, 9, 88, 46, 30, 1633306734),
(675, 8, 75, 39, 11, 1633306734),
(676, 5, 36, 44, 7, 1633306734),
(677, 8, 75, 39, 11, 1633306734),
(678, 6, 56, 36, 8, 1633306734),
(679, 6, 53, 39, 14, 1633306734),
(680, 6, 55, 36, 14, 1633306734),
(681, 5, 35, 35, 9, 1633306734),
(682, 6, 56, 36, 8, 1633393134),
(683, 6, 55, 36, 14, 1633393134),
(684, 5, 28, 43, 13, 1633393134),
(685, 5, 35, 35, 9, 1633393134),
(686, 6, 56, 36, 8, 1633393134),
(687, 9, 90, 50, 30, 1633393134),
(688, 6, 56, 36, 8, 1633393134),
(689, 9, 91, 61, 30, 1633393134),
(690, 12, 95, 54, 16, 1633393134),
(691, 8, 75, 39, 11, 1633393134),
(692, 9, 88, 46, 30, 1633393134),
(693, 7, 50, 37, 17, 1633393134),
(694, 5, 42, 35, 7, 1633393134),
(695, 5, 43, 35, 7, 1633393134),
(696, 6, 66, 41, 8, 1633393134),
(697, 9, 86, 51, 30, 1633393134),
(698, 9, 90, 50, 30, 1633393134),
(699, 5, 27, 35, 13, 1633393134),
(700, 9, 86, 51, 30, 1633393134),
(701, 5, 44, 35, 9, 1633393134),
(702, 5, 37, 38, 9, 1633393134),
(703, 5, 44, 35, 9, 1633393134),
(704, 5, 31, 48, 13, 1633393134),
(705, 8, 75, 39, 11, 1633393134),
(706, 9, 88, 46, 30, 1633393134),
(707, 12, 93, 47, 16, 1633393134),
(708, 6, 56, 36, 8, 1633393134),
(709, 11, 78, 58, 13, 1633393134),
(710, 5, 43, 35, 7, 1633393134),
(711, 11, 79, 46, 15, 1633393134),
(712, 6, 67, 41, 8, 1633393134),
(713, 5, 36, 44, 7, 1633393134),
(714, 6, 56, 36, 8, 1633393134),
(715, 5, 45, 35, 28, 1633393134),
(716, 7, 51, 49, 18, 1633393134),
(717, 5, 38, 38, 24, 1633393134),
(718, 9, 90, 50, 30, 1633393134),
(719, 9, 86, 51, 30, 1633393134),
(720, 12, 98, 54, 16, 1633393134),
(721, 6, 67, 41, 8, 1633393134),
(722, 9, 83, 40, 30, 1633393134),
(723, 8, 75, 39, 11, 1633393134),
(724, 9, 83, 40, 30, 1633393134),
(725, 6, 59, 53, 23, 1633393134),
(726, 13, 47, 43, 19, 1633393134),
(727, 11, 78, 58, 13, 1633479534),
(728, 5, 25, 35, 7, 1633479534),
(729, 5, 30, 35, 13, 1633479534),
(730, 9, 88, 46, 30, 1633479534),
(731, 5, 44, 35, 9, 1633479534),
(732, 6, 56, 36, 8, 1633479534),
(733, 6, 72, 39, 8, 1633479534),
(734, 11, 82, 46, 7, 1633479534),
(735, 11, 80, 52, 15, 1633479534),
(736, 9, 85, 51, 30, 1633479534),
(737, 6, 71, 42, 12, 1633479534),
(738, 5, 37, 38, 9, 1633479534),
(739, 5, 40, 35, 24, 1633479534),
(740, 5, 24, 38, 7, 1633479534),
(741, 5, 38, 38, 24, 1633479534),
(742, 12, 96, 54, 20, 1633479534),
(743, 5, 29, 44, 13, 1633479534),
(744, 11, 81, 50, 15, 1633479534),
(745, 5, 26, 35, 7, 1633479534),
(746, 6, 67, 41, 8, 1633479534),
(747, 8, 75, 39, 11, 1633479534),
(748, 8, 73, 39, 21, 1633479534),
(749, 5, 43, 35, 7, 1633479534),
(750, 6, 66, 41, 8, 1633479534),
(751, 9, 86, 51, 30, 1633479534),
(752, 7, 52, 37, 18, 1633479534),
(753, 7, 50, 37, 17, 1633479534),
(754, 5, 45, 35, 28, 1633479534),
(755, 11, 82, 46, 7, 1633479534),
(756, 8, 76, 36, 11, 1633479534),
(757, 11, 80, 52, 15, 1633479534),
(758, 5, 26, 35, 7, 1633479534),
(759, 5, 36, 44, 7, 1633479534),
(760, 8, 75, 39, 11, 1633479534),
(761, 9, 86, 51, 30, 1633479534),
(762, 6, 56, 36, 8, 1633479534),
(763, 5, 24, 38, 7, 1633479534),
(764, 7, 52, 37, 18, 1633479534),
(765, 5, 32, 35, 9, 1633479534),
(766, 6, 58, 53, 14, 1633479534),
(767, 6, 54, 39, 8, 1633479534),
(768, 8, 75, 39, 11, 1633479534),
(769, 10, 64, 45, 30, 1633479534),
(770, 5, 45, 35, 28, 1633479534),
(771, 12, 94, 47, 33, 1633479534),
(772, 5, 34, 35, 9, 1633479534),
(773, 7, 49, 36, 22, 1633479534),
(774, 6, 68, 56, 31, 1633479534),
(775, 7, 48, 36, 22, 1633479534),
(776, 6, 53, 39, 14, 1633479534),
(777, 6, 57, 53, 25, 1633479534),
(778, 12, 93, 47, 16, 1633479534),
(779, 9, 86, 51, 30, 1633479534),
(780, 11, 81, 50, 15, 1633479534),
(781, 6, 54, 39, 8, 1633479534),
(782, 5, 29, 44, 13, 1633479534),
(783, 8, 77, 39, 11, 1633479534),
(784, 5, 43, 35, 7, 1633479534),
(785, 7, 52, 37, 18, 1633479534),
(786, 6, 56, 36, 8, 1633479534),
(787, 12, 95, 54, 16, 1633479534),
(788, 5, 46, 48, 26, 1633479534),
(789, 5, 29, 44, 13, 1633479534),
(790, 10, 64, 45, 30, 1633479534),
(791, 6, 57, 53, 25, 1633479534),
(792, 8, 75, 39, 11, 1633479534),
(793, 11, 78, 58, 13, 1633479534),
(794, 5, 38, 38, 24, 1633479534),
(795, 5, 37, 38, 9, 1633479534),
(796, 5, 27, 35, 13, 1633479534),
(797, 5, 43, 35, 7, 1633479534),
(798, 5, 42, 35, 7, 1633479534),
(799, 5, 32, 35, 9, 1633479534),
(800, 10, 62, 57, 30, 1633479534),
(801, 9, 83, 40, 30, 1633479534),
(802, 6, 54, 39, 8, 1633479534),
(803, 11, 80, 52, 15, 1633479534),
(804, 6, 56, 36, 8, 1633479534),
(805, 9, 85, 51, 30, 1633479534),
(806, 12, 99, 54, 16, 1633479534),
(807, 9, 90, 50, 30, 1633479534),
(808, 11, 79, 46, 15, 1633479534),
(809, 9, 86, 51, 30, 1633479534),
(810, 5, 32, 35, 9, 1633479534),
(811, 6, 69, 56, 32, 1633479534),
(812, 11, 82, 46, 7, 1633479534),
(813, 7, 50, 37, 17, 1633479534),
(814, 5, 41, 35, 7, 1633479534),
(815, 12, 99, 54, 16, 1633479534),
(816, 11, 80, 52, 15, 1633479534),
(817, 11, 81, 50, 15, 1633565934),
(818, 5, 26, 35, 7, 1633565934),
(819, 8, 75, 39, 11, 1633565934),
(820, 5, 35, 35, 9, 1633565934),
(821, 7, 52, 37, 18, 1633565934),
(822, 5, 27, 35, 13, 1633565934),
(823, 8, 74, 59, 11, 1633565934),
(824, 9, 84, 40, 30, 1633565934),
(825, 5, 43, 35, 7, 1633565934),
(826, 6, 67, 41, 8, 1633565934),
(827, 5, 37, 38, 9, 1633565934),
(828, 10, 63, 57, 30, 1633565934),
(829, 5, 40, 35, 24, 1633565934),
(830, 9, 86, 51, 30, 1633565934),
(831, 6, 66, 41, 8, 1633565934),
(832, 6, 56, 36, 8, 1633565934),
(833, 5, 23, 35, 7, 1633565934),
(834, 8, 75, 39, 11, 1633565934),
(835, 9, 86, 51, 30, 1633565934),
(836, 9, 86, 51, 30, 1633565934),
(837, 9, 86, 51, 30, 1633565934),
(838, 6, 58, 53, 14, 1633565934),
(839, 11, 78, 58, 13, 1633565934),
(840, 7, 50, 37, 17, 1633565934),
(841, 6, 54, 39, 8, 1633565934),
(842, 9, 86, 51, 30, 1633565934),
(843, 6, 53, 39, 14, 1633565934),
(844, 12, 98, 54, 16, 1633565934),
(845, 10, 65, 38, 30, 1633565934),
(846, 5, 41, 35, 7, 1633565934),
(847, 5, 26, 35, 7, 1633565934),
(848, 9, 83, 40, 30, 1633565934),
(849, 8, 75, 39, 11, 1633565934),
(850, 5, 43, 35, 7, 1633565934),
(851, 5, 44, 35, 9, 1633565934),
(852, 12, 95, 54, 16, 1633652334),
(853, 9, 88, 46, 30, 1633652334),
(854, 5, 44, 35, 9, 1633652334),
(855, 5, 25, 35, 7, 1633652334),
(856, 10, 60, 55, 30, 1633652334),
(857, 6, 54, 39, 8, 1633652334),
(858, 5, 24, 38, 7, 1633652334),
(859, 6, 56, 36, 8, 1633652334),
(860, 10, 60, 55, 30, 1633652334),
(861, 5, 37, 38, 9, 1633652334),
(862, 10, 60, 55, 30, 1633652334),
(863, 6, 72, 39, 8, 1633652334),
(864, 5, 31, 48, 13, 1633652334),
(865, 8, 75, 39, 11, 1633652334),
(866, 8, 75, 39, 11, 1633652334),
(867, 6, 55, 36, 14, 1633652334),
(868, 5, 45, 35, 28, 1633652334),
(869, 12, 96, 54, 20, 1633652334),
(870, 5, 28, 43, 13, 1633652334),
(871, 6, 72, 39, 8, 1633652334),
(872, 5, 24, 38, 7, 1633652334),
(873, 9, 88, 46, 30, 1633652334),
(874, 5, 37, 38, 9, 1633652334),
(875, 5, 37, 38, 9, 1633652334),
(876, 7, 50, 37, 17, 1633652334),
(877, 5, 43, 35, 7, 1633652334),
(878, 5, 43, 35, 7, 1633652334),
(879, 9, 88, 46, 30, 1633652334),
(880, 6, 56, 36, 8, 1633652334),
(881, 5, 36, 44, 7, 1633652334),
(882, 8, 77, 39, 11, 1633652334),
(883, 6, 66, 41, 8, 1633652334),
(884, 8, 74, 59, 11, 1633652334),
(885, 8, 73, 39, 21, 1633652334),
(886, 9, 86, 51, 30, 1633652334),
(887, 9, 90, 50, 30, 1633652334),
(888, 10, 64, 45, 30, 1633652334),
(889, 5, 23, 35, 7, 1633652334),
(890, 11, 82, 46, 7, 1633652334),
(891, 8, 75, 39, 11, 1633652334),
(892, 5, 34, 35, 9, 1633652334),
(893, 7, 49, 36, 22, 1633652334),
(894, 6, 68, 56, 31, 1633652334),
(895, 12, 99, 54, 16, 1633652334),
(896, 5, 36, 44, 7, 1633652334),
(897, 8, 75, 39, 11, 1633652334),
(898, 6, 56, 36, 8, 1633652334),
(899, 12, 95, 54, 16, 1633652334),
(900, 5, 43, 35, 7, 1633652334),
(901, 12, 92, 47, 16, 1633652334),
(902, 8, 76, 36, 11, 1633652334),
(903, 9, 83, 40, 30, 1633652334),
(904, 5, 43, 35, 7, 1633652334),
(905, 9, 88, 46, 30, 1633652334),
(906, 5, 23, 35, 7, 1633652334),
(907, 5, 37, 38, 9, 1633652334),
(908, 6, 57, 53, 25, 1633652334),
(909, 7, 50, 37, 17, 1633652334),
(910, 8, 75, 39, 11, 1633652334),
(911, 12, 93, 47, 16, 1633652334),
(912, 8, 75, 39, 11, 1633652334),
(913, 5, 38, 38, 24, 1633652334),
(914, 6, 57, 53, 25, 1633652334),
(915, 12, 93, 47, 16, 1633652334),
(916, 5, 43, 35, 7, 1633652334),
(917, 6, 56, 36, 8, 1633652334),
(918, 12, 98, 54, 16, 1633652334),
(919, 5, 43, 35, 7, 1633652334),
(920, 8, 75, 39, 11, 1633652334),
(921, 6, 67, 41, 8, 1633652334),
(922, 9, 84, 40, 30, 1633652334),
(923, 7, 48, 36, 22, 1633652334),
(924, 11, 80, 52, 15, 1633652334),
(925, 5, 35, 35, 9, 1633652334),
(926, 11, 81, 50, 15, 1633652334),
(927, 8, 75, 39, 11, 1633652334),
(928, 5, 40, 35, 24, 1633652334),
(929, 8, 74, 59, 11, 1633652334),
(930, 11, 81, 50, 15, 1633652334),
(931, 8, 76, 36, 11, 1633652334),
(932, 7, 51, 49, 18, 1633738734),
(933, 5, 46, 48, 26, 1633738734),
(934, 6, 59, 53, 23, 1633738734),
(935, 9, 91, 61, 30, 1633738734),
(936, 6, 56, 36, 8, 1633738734),
(937, 10, 63, 57, 30, 1633738734),
(938, 9, 90, 50, 30, 1633738734),
(939, 5, 32, 35, 9, 1633738734),
(940, 9, 85, 51, 30, 1633738734),
(941, 7, 50, 37, 17, 1633738734),
(942, 5, 37, 38, 9, 1633738734),
(943, 5, 43, 35, 7, 1633738734),
(944, 5, 45, 35, 28, 1633738734),
(945, 7, 50, 37, 17, 1633738734),
(946, 6, 67, 41, 8, 1633738734),
(947, 5, 32, 35, 9, 1633738734),
(948, 8, 75, 39, 11, 1633738734),
(949, 5, 37, 38, 9, 1633738734),
(950, 6, 54, 39, 8, 1633738734),
(951, 5, 31, 48, 13, 1633738734),
(952, 5, 23, 35, 7, 1633738734),
(953, 10, 65, 38, 30, 1633738734),
(954, 9, 86, 51, 30, 1633738734),
(955, 6, 56, 36, 8, 1633738734),
(956, 10, 61, 55, 30, 1633738734),
(957, 8, 76, 36, 11, 1633738734),
(958, 5, 41, 35, 7, 1633738734),
(959, 6, 67, 41, 8, 1633738734),
(960, 5, 33, 35, 9, 1633738734),
(961, 9, 86, 51, 30, 1633738734),
(962, 5, 26, 35, 7, 1633738734),
(963, 8, 77, 39, 11, 1633738734),
(964, 9, 84, 40, 30, 1633738734),
(965, 11, 78, 58, 13, 1633738734),
(966, 9, 84, 40, 30, 1633738734),
(967, 5, 43, 35, 7, 1633738734),
(968, 9, 90, 50, 30, 1633738734),
(969, 8, 75, 39, 11, 1633738734),
(970, 11, 79, 46, 15, 1633738734),
(971, 5, 30, 35, 13, 1633738734),
(972, 5, 27, 35, 13, 1633738734),
(973, 5, 40, 35, 24, 1633738734),
(974, 9, 89, 50, 30, 1633738734),
(975, 5, 30, 35, 13, 1633738734),
(976, 9, 89, 50, 30, 1633738734),
(977, 8, 75, 39, 11, 1633738734),
(978, 5, 42, 35, 7, 1633738734),
(979, 9, 85, 51, 30, 1633738734),
(980, 5, 41, 35, 7, 1633738734),
(981, 5, 26, 35, 7, 1633738734),
(982, 7, 50, 37, 17, 1633738734),
(983, 6, 56, 36, 8, 1633738734),
(984, 5, 23, 35, 7, 1633738734),
(985, 5, 29, 44, 13, 1633738734),
(986, 5, 25, 35, 7, 1633738734),
(987, 8, 73, 39, 21, 1633738734),
(988, 6, 72, 39, 8, 1633738734),
(989, 6, 53, 39, 14, 1633738734),
(990, 9, 88, 46, 30, 1633738734),
(991, 5, 43, 35, 7, 1633738734),
(992, 12, 98, 54, 16, 1633738734),
(993, 8, 75, 39, 11, 1633738734),
(994, 6, 66, 41, 8, 1633738734),
(995, 9, 88, 46, 30, 1633738734),
(996, 5, 44, 35, 9, 1633738734),
(997, 11, 79, 46, 15, 1633825134),
(998, 9, 86, 51, 30, 1633825134),
(999, 7, 52, 37, 18, 1633825134),
(1000, 7, 49, 36, 22, 1633825134),
(1001, 6, 68, 56, 31, 1633825134),
(1002, 6, 56, 36, 8, 1633825134),
(1003, 11, 78, 58, 13, 1633825134),
(1004, 5, 26, 35, 7, 1633825134),
(1005, 9, 88, 46, 30, 1633825134),
(1006, 7, 50, 37, 17, 1633825134),
(1007, 9, 90, 50, 30, 1633825134),
(1008, 8, 75, 39, 11, 1633825134),
(1009, 10, 62, 57, 30, 1633825134),
(1010, 9, 91, 61, 30, 1633825134),
(1011, 12, 94, 47, 33, 1633825134),
(1012, 12, 98, 54, 16, 1633825134),
(1013, 5, 43, 35, 7, 1633825134),
(1014, 5, 30, 35, 13, 1633825134),
(1015, 7, 52, 37, 18, 1633825134),
(1016, 8, 76, 36, 11, 1633825134),
(1017, 6, 56, 36, 8, 1633825134),
(1018, 11, 81, 50, 15, 1633825134),
(1019, 5, 23, 35, 7, 1633825134),
(1020, 5, 32, 35, 9, 1633825134),
(1021, 10, 62, 57, 30, 1633825134),
(1022, 7, 50, 37, 17, 1633825134),
(1023, 5, 36, 44, 7, 1633825134),
(1024, 8, 75, 39, 11, 1633825134),
(1025, 5, 25, 35, 7, 1633825134),
(1026, 5, 44, 35, 9, 1633825134),
(1027, 8, 75, 39, 11, 1633825134),
(1028, 5, 35, 35, 9, 1633825134),
(1029, 8, 77, 39, 11, 1633825134),
(1030, 9, 88, 46, 30, 1633825134),
(1031, 5, 37, 38, 9, 1633825134),
(1032, 5, 38, 38, 24, 1633825134),
(1033, 6, 57, 53, 25, 1633825134),
(1034, 12, 95, 54, 16, 1633825134),
(1035, 9, 85, 51, 30, 1633825134),
(1036, 5, 23, 35, 7, 1633825134),
(1037, 10, 60, 55, 30, 1633825134),
(1038, 5, 43, 35, 7, 1633825134),
(1039, 5, 40, 35, 24, 1633825134),
(1040, 5, 40, 35, 24, 1633825134),
(1041, 5, 40, 35, 24, 1633825134),
(1042, 12, 96, 54, 20, 1633825134),
(1043, 5, 32, 35, 9, 1633825134),
(1044, 6, 58, 53, 14, 1633825134),
(1045, 5, 46, 48, 26, 1633825134),
(1046, 6, 57, 53, 25, 1633825134),
(1047, 12, 93, 47, 16, 1633825134),
(1048, 6, 56, 36, 8, 1633825134),
(1049, 7, 48, 36, 22, 1633825134),
(1050, 5, 28, 43, 13, 1633825134),
(1051, 10, 64, 45, 30, 1633911534),
(1052, 5, 37, 38, 9, 1633911534),
(1053, 12, 98, 54, 16, 1633911534),
(1054, 9, 86, 51, 30, 1633911534),
(1055, 6, 54, 39, 8, 1633911534),
(1056, 5, 24, 38, 7, 1633911534),
(1057, 6, 55, 36, 14, 1633911534),
(1058, 5, 37, 38, 9, 1633911534),
(1059, 6, 72, 39, 8, 1633911534),
(1060, 11, 82, 46, 7, 1633911534),
(1061, 6, 66, 41, 8, 1633911534),
(1062, 9, 88, 46, 30, 1633911534),
(1063, 6, 56, 36, 8, 1633911534),
(1064, 6, 56, 36, 8, 1633911534),
(1065, 9, 83, 40, 30, 1633911534),
(1066, 8, 75, 39, 11, 1633911534),
(1067, 6, 67, 41, 8, 1633911534),
(1068, 5, 38, 38, 24, 1633911534),
(1069, 6, 53, 39, 14, 1633911534),
(1070, 6, 57, 53, 25, 1633911534),
(1071, 8, 76, 36, 11, 1633911534),
(1072, 5, 43, 35, 7, 1633911534),
(1073, 9, 88, 46, 30, 1633911534),
(1074, 5, 38, 38, 24, 1633911534),
(1075, 5, 36, 44, 7, 1633911534),
(1076, 9, 84, 40, 30, 1633911534),
(1077, 6, 56, 36, 8, 1633911534),
(1078, 5, 32, 35, 9, 1633911534),
(1079, 7, 50, 37, 17, 1633911534),
(1080, 8, 75, 39, 11, 1633911534),
(1081, 9, 88, 46, 30, 1633911534),
(1082, 5, 44, 35, 9, 1633911534),
(1083, 7, 51, 49, 18, 1633911534),
(1084, 6, 58, 53, 14, 1633911534),
(1085, 6, 58, 53, 14, 1633911534),
(1086, 6, 58, 53, 14, 1633911534),
(1087, 6, 56, 36, 8, 1633911534),
(1088, 8, 73, 39, 21, 1633911534),
(1089, 11, 78, 58, 13, 1633911534),
(1090, 12, 93, 47, 16, 1633911534),
(1091, 9, 90, 50, 30, 1633911534),
(1092, 7, 50, 37, 17, 1633911534),
(1093, 11, 81, 50, 15, 1633911534),
(1094, 5, 25, 35, 7, 1633911534),
(1095, 5, 30, 35, 13, 1633911534),
(1096, 5, 43, 35, 7, 1633911534),
(1097, 10, 60, 55, 30, 1633911534),
(1098, 5, 35, 35, 9, 1633911534),
(1099, 12, 98, 54, 16, 1633911534),
(1100, 5, 25, 35, 7, 1633911534),
(1101, 7, 50, 37, 17, 1633911534),
(1102, 5, 33, 35, 9, 1633911534),
(1103, 9, 85, 51, 30, 1633911534),
(1104, 6, 72, 39, 8, 1633911534),
(1105, 7, 49, 36, 22, 1633911534),
(1106, 6, 68, 56, 31, 1633911534),
(1107, 5, 31, 48, 13, 1633911534),
(1108, 9, 86, 51, 30, 1633911534),
(1109, 7, 50, 37, 17, 1633911534),
(1110, 9, 89, 50, 30, 1633911534),
(1111, 5, 40, 35, 24, 1633911534),
(1112, 5, 32, 35, 9, 1633911534),
(1113, 9, 84, 40, 30, 1633911534),
(1114, 6, 56, 36, 8, 1633911534),
(1115, 5, 42, 35, 7, 1633911534),
(1116, 8, 74, 59, 11, 1633911534),
(1117, 12, 92, 47, 16, 1633911534),
(1118, 9, 85, 51, 30, 1633911534),
(1119, 5, 27, 35, 13, 1633911534),
(1120, 10, 63, 57, 30, 1633911534),
(1121, 8, 76, 36, 11, 1633911534),
(1122, 8, 73, 39, 21, 1633911534),
(1123, 5, 37, 38, 9, 1633911534),
(1124, 10, 64, 45, 30, 1633911534),
(1125, 5, 40, 35, 24, 1633911534),
(1126, 5, 32, 35, 9, 1633911534),
(1127, 5, 35, 35, 9, 1633997934),
(1128, 5, 25, 35, 7, 1633997934),
(1129, 6, 54, 39, 8, 1633997934),
(1130, 5, 33, 35, 9, 1633997934),
(1131, 9, 90, 50, 30, 1633997934),
(1132, 9, 84, 40, 30, 1633997934),
(1133, 5, 45, 35, 28, 1633997934),
(1134, 5, 23, 35, 7, 1633997934),
(1135, 5, 38, 38, 24, 1633997934),
(1136, 5, 25, 35, 7, 1633997934),
(1137, 11, 80, 52, 15, 1633997934),
(1138, 11, 80, 52, 15, 1633997934),
(1139, 5, 32, 35, 9, 1633997934),
(1140, 5, 28, 43, 13, 1633997934),
(1141, 7, 52, 37, 18, 1633997934),
(1142, 9, 86, 51, 30, 1633997934),
(1143, 5, 43, 35, 7, 1633997934),
(1144, 6, 58, 53, 14, 1633997934),
(1145, 9, 84, 40, 30, 1633997934),
(1146, 8, 75, 39, 11, 1633997934),
(1147, 5, 36, 44, 7, 1633997934),
(1148, 8, 75, 39, 11, 1633997934),
(1149, 5, 29, 44, 13, 1633997934),
(1150, 7, 49, 36, 22, 1633997934),
(1151, 6, 68, 56, 31, 1633997934),
(1152, 9, 88, 46, 30, 1633997934),
(1153, 9, 86, 51, 30, 1633997934),
(1154, 12, 98, 54, 16, 1633997934),
(1155, 12, 94, 47, 33, 1633997934),
(1156, 9, 85, 51, 30, 1633997934),
(1157, 11, 78, 58, 13, 1634084334),
(1158, 5, 30, 35, 13, 1634084334),
(1159, 6, 55, 36, 14, 1634084334),
(1160, 6, 56, 36, 8, 1634084334),
(1161, 5, 33, 35, 9, 1634084334),
(1162, 11, 80, 52, 15, 1634084334),
(1163, 12, 95, 54, 16, 1634084334),
(1164, 5, 46, 48, 26, 1634084334),
(1165, 6, 54, 39, 8, 1634084334),
(1166, 5, 29, 44, 13, 1634084334),
(1167, 5, 32, 35, 9, 1634084334),
(1168, 7, 52, 37, 18, 1634084334),
(1169, 5, 43, 35, 7, 1634084334),
(1170, 6, 58, 53, 14, 1634084334),
(1171, 7, 52, 37, 18, 1634084334),
(1172, 5, 35, 35, 9, 1634084334),
(1173, 9, 87, 51, 30, 1634084334),
(1174, 5, 23, 35, 7, 1634084334),
(1175, 10, 63, 57, 30, 1634084334),
(1176, 8, 75, 39, 11, 1634084334),
(1177, 6, 57, 53, 25, 1634084334),
(1178, 12, 93, 47, 16, 1634084334),
(1179, 5, 28, 43, 13, 1634084334),
(1180, 6, 54, 39, 8, 1634084334),
(1181, 11, 80, 52, 15, 1634084334),
(1182, 7, 48, 36, 22, 1634084334),
(1183, 6, 56, 36, 8, 1634084334),
(1184, 10, 62, 57, 30, 1634084334),
(1185, 5, 45, 35, 28, 1634084334),
(1186, 6, 57, 53, 25, 1634084334),
(1187, 7, 50, 37, 17, 1634084334),
(1188, 6, 72, 39, 8, 1634084334),
(1189, 7, 52, 37, 18, 1634084334),
(1190, 5, 44, 35, 9, 1634084334),
(1191, 12, 96, 54, 20, 1634084334),
(1192, 5, 43, 35, 7, 1634084334),
(1193, 9, 90, 50, 30, 1634084334),
(1194, 8, 77, 39, 11, 1634084334),
(1195, 8, 75, 39, 11, 1634084334),
(1196, 11, 81, 50, 15, 1634084334),
(1197, 10, 63, 57, 30, 1634084334),
(1198, 5, 40, 35, 24, 1634084334),
(1199, 9, 90, 50, 30, 1634084334),
(1200, 5, 32, 35, 9, 1634084334),
(1201, 11, 79, 46, 15, 1634084334),
(1202, 5, 36, 44, 7, 1634084334),
(1203, 8, 75, 39, 11, 1634084334),
(1204, 6, 56, 36, 8, 1634084334),
(1205, 11, 78, 58, 13, 1634084334),
(1206, 11, 82, 46, 7, 1634084334),
(1207, 12, 98, 54, 16, 1634084334),
(1208, 5, 38, 38, 24, 1634084334),
(1209, 8, 75, 39, 11, 1634084334),
(1210, 5, 26, 35, 7, 1634084334),
(1211, 10, 64, 45, 30, 1634084334),
(1212, 5, 24, 38, 7, 1634084334),
(1213, 8, 76, 36, 11, 1634084334),
(1214, 5, 43, 35, 7, 1634084334),
(1215, 5, 29, 44, 13, 1634084334),
(1216, 9, 86, 51, 30, 1634084334),
(1217, 6, 66, 41, 8, 1634170734),
(1218, 6, 53, 39, 14, 1634170734),
(1219, 5, 33, 35, 9, 1634170734),
(1220, 6, 55, 36, 14, 1634170734),
(1221, 6, 56, 36, 8, 1634170734),
(1222, 10, 63, 57, 30, 1634170734),
(1223, 8, 75, 39, 11, 1634170734),
(1224, 5, 26, 35, 7, 1634170734),
(1225, 5, 37, 38, 9, 1634170734),
(1226, 9, 90, 50, 30, 1634170734),
(1227, 5, 25, 35, 7, 1634170734),
(1228, 5, 40, 35, 24, 1634170734),
(1229, 5, 23, 35, 7, 1634170734),
(1230, 5, 44, 35, 9, 1634170734),
(1231, 9, 89, 50, 30, 1634170734),
(1232, 8, 75, 39, 11, 1634170734),
(1233, 5, 29, 44, 13, 1634170734),
(1234, 8, 77, 39, 11, 1634170734),
(1235, 9, 90, 50, 30, 1634170734),
(1236, 6, 56, 36, 8, 1634170734),
(1237, 11, 80, 52, 15, 1634170734),
(1238, 7, 52, 37, 18, 1634170734),
(1239, 5, 38, 38, 24, 1634170734),
(1240, 5, 25, 35, 7, 1634170734),
(1241, 9, 91, 61, 30, 1634170734),
(1242, 9, 83, 40, 30, 1634170734),
(1243, 8, 76, 36, 11, 1634170734),
(1244, 7, 51, 49, 18, 1634170734),
(1245, 5, 32, 35, 9, 1634170734),
(1246, 10, 62, 57, 30, 1634170734),
(1247, 5, 27, 35, 13, 1634170734),
(1248, 9, 88, 46, 30, 1634170734),
(1249, 5, 44, 35, 9, 1634170734),
(1250, 6, 56, 36, 8, 1634170734),
(1251, 7, 49, 36, 22, 1634170734),
(1252, 6, 68, 56, 31, 1634170734),
(1253, 8, 75, 39, 11, 1634170734),
(1254, 5, 31, 48, 13, 1634170734),
(1255, 5, 35, 35, 9, 1634170734),
(1256, 9, 84, 40, 30, 1634170734),
(1257, 5, 24, 38, 7, 1634170734),
(1258, 9, 86, 51, 30, 1634170734),
(1259, 5, 32, 35, 9, 1634170734),
(1260, 5, 46, 48, 26, 1634170734),
(1261, 8, 73, 39, 21, 1634170734),
(1262, 11, 82, 46, 7, 1634170734),
(1263, 6, 58, 53, 14, 1634170734),
(1264, 9, 86, 51, 30, 1634170734),
(1265, 9, 88, 46, 30, 1634170734),
(1266, 6, 56, 36, 8, 1634170734),
(1267, 12, 95, 54, 16, 1634170734),
(1268, 5, 41, 35, 7, 1634170734),
(1269, 5, 32, 35, 9, 1634170734),
(1270, 12, 93, 47, 16, 1634170734),
(1271, 12, 95, 54, 16, 1634170734),
(1272, 5, 36, 44, 7, 1634170734),
(1273, 7, 50, 37, 17, 1634170734),
(1274, 8, 75, 39, 11, 1634170734),
(1275, 5, 38, 38, 24, 1634170734),
(1276, 9, 85, 51, 30, 1634170734),
(1277, 5, 38, 38, 24, 1634170734),
(1278, 6, 53, 39, 14, 1634170734),
(1279, 6, 57, 53, 25, 1634170734),
(1280, 5, 43, 35, 7, 1634170734),
(1281, 9, 88, 46, 30, 1634170734),
(1282, 6, 56, 36, 8, 1634170734),
(1283, 5, 44, 35, 9, 1634170734),
(1284, 12, 95, 54, 16, 1634170734),
(1285, 13, 47, 43, 19, 1634170734),
(1286, 5, 42, 35, 7, 1634170734),
(1287, 11, 81, 50, 15, 1634170734),
(1288, 5, 23, 35, 7, 1634170734),
(1289, 5, 36, 44, 7, 1634170734),
(1290, 7, 50, 37, 17, 1634170734),
(1291, 5, 45, 35, 28, 1634170734),
(1292, 5, 34, 35, 9, 1634170734),
(1293, 7, 49, 36, 22, 1634170734),
(1294, 6, 68, 56, 31, 1634170734),
(1295, 8, 75, 39, 11, 1634257134),
(1296, 6, 58, 53, 14, 1634257134),
(1297, 12, 98, 54, 16, 1634257134),
(1298, 6, 56, 36, 8, 1634257134),
(1299, 11, 80, 52, 15, 1634257134),
(1300, 5, 36, 44, 7, 1634257134),
(1301, 10, 64, 45, 30, 1634257134),
(1302, 5, 43, 35, 7, 1634257134),
(1303, 5, 28, 43, 13, 1634257134),
(1304, 5, 23, 35, 7, 1634257134),
(1305, 10, 60, 55, 30, 1634257134),
(1306, 9, 90, 50, 30, 1634257134),
(1307, 5, 29, 44, 13, 1634257134),
(1308, 6, 58, 53, 14, 1634257134),
(1309, 9, 86, 51, 30, 1634257134),
(1310, 11, 78, 58, 13, 1634257134),
(1311, 6, 67, 41, 8, 1634257134),
(1312, 10, 60, 55, 30, 1634257134),
(1313, 6, 56, 36, 8, 1634257134),
(1314, 8, 76, 36, 11, 1634257134),
(1315, 6, 72, 39, 8, 1634257134),
(1316, 5, 33, 35, 9, 1634257134),
(1317, 12, 94, 47, 33, 1634257134),
(1318, 5, 23, 35, 7, 1634257134),
(1319, 6, 66, 41, 8, 1634257134),
(1320, 9, 90, 50, 30, 1634257134),
(1321, 5, 36, 44, 7, 1634257134),
(1322, 8, 75, 39, 11, 1634257134),
(1323, 6, 57, 53, 25, 1634257134),
(1324, 12, 93, 47, 16, 1634257134),
(1325, 9, 84, 40, 30, 1634257134),
(1326, 6, 54, 39, 8, 1634257134),
(1327, 5, 43, 35, 7, 1634257134),
(1328, 5, 38, 38, 24, 1634257134),
(1329, 5, 23, 35, 7, 1634257134),
(1330, 6, 56, 36, 8, 1634257134),
(1331, 6, 56, 36, 8, 1634257134),
(1332, 5, 38, 38, 24, 1634257134),
(1333, 12, 95, 54, 16, 1634257134),
(1334, 5, 33, 35, 9, 1634257134),
(1335, 6, 58, 53, 14, 1634257134),
(1336, 9, 89, 50, 30, 1634257134),
(1337, 9, 83, 40, 30, 1634257134),
(1338, 6, 59, 53, 23, 1634257134),
(1339, 7, 50, 37, 17, 1634257134),
(1340, 5, 40, 35, 24, 1634257134),
(1341, 11, 80, 52, 15, 1634257134),
(1342, 7, 52, 37, 18, 1634257134),
(1343, 6, 54, 39, 8, 1634257134),
(1344, 5, 25, 35, 7, 1634257134),
(1345, 6, 56, 36, 8, 1634257134),
(1346, 9, 88, 46, 30, 1634257134),
(1347, 5, 24, 38, 7, 1634257134),
(1348, 7, 48, 36, 22, 1634257134),
(1349, 5, 37, 38, 9, 1634257134),
(1350, 9, 90, 50, 30, 1634257134),
(1351, 6, 71, 42, 12, 1634257134),
(1352, 5, 44, 35, 9, 1634257134),
(1353, 5, 32, 35, 9, 1634257134),
(1354, 9, 86, 51, 30, 1634257134),
(1355, 6, 72, 39, 8, 1634257134),
(1356, 6, 54, 39, 8, 1634257134),
(1357, 11, 78, 58, 13, 1634257134),
(1358, 5, 43, 35, 7, 1634257134),
(1359, 6, 56, 36, 8, 1634257134),
(1360, 6, 56, 36, 8, 1634257134),
(1361, 7, 52, 37, 18, 1634257134),
(1362, 5, 35, 35, 9, 1634257134),
(1363, 9, 89, 50, 30, 1634257134),
(1364, 5, 29, 44, 13, 1634257134),
(1365, 11, 80, 52, 15, 1634257134),
(1366, 10, 64, 45, 30, 1634257134),
(1367, 5, 45, 35, 28, 1634257134),
(1368, 6, 53, 39, 14, 1634257134),
(1369, 9, 85, 51, 30, 1634257134),
(1370, 10, 63, 57, 30, 1634257134),
(1371, 9, 89, 50, 30, 1634257134),
(1372, 7, 52, 37, 18, 1634257134),
(1373, 5, 41, 35, 7, 1634257134),
(1374, 6, 56, 36, 8, 1634257134),
(1375, 5, 43, 35, 7, 1634257134),
(1376, 12, 95, 54, 16, 1634257134),
(1377, 10, 62, 57, 30, 1634257134),
(1378, 5, 30, 35, 13, 1634257134),
(1379, 12, 96, 54, 20, 1634257134),
(1380, 6, 56, 36, 8, 1634257134),
(1381, 5, 25, 35, 7, 1634343534),
(1382, 6, 66, 41, 8, 1634343534),
(1383, 11, 78, 58, 13, 1634343534),
(1384, 5, 38, 38, 24, 1634343534),
(1385, 8, 76, 36, 11, 1634343534),
(1386, 6, 57, 53, 25, 1634343534),
(1387, 5, 28, 43, 13, 1634343534),
(1388, 6, 59, 53, 23, 1634343534),
(1389, 12, 92, 47, 16, 1634343534),
(1390, 6, 57, 53, 25, 1634343534),
(1391, 6, 56, 36, 8, 1634343534),
(1392, 11, 78, 58, 13, 1634343534),
(1393, 5, 27, 35, 13, 1634343534),
(1394, 8, 76, 36, 11, 1634343534),
(1395, 6, 67, 41, 8, 1634343534),
(1396, 9, 85, 51, 30, 1634343534),
(1397, 8, 75, 39, 11, 1634343534),
(1398, 5, 40, 35, 24, 1634343534),
(1399, 5, 38, 38, 24, 1634343534),
(1400, 10, 65, 38, 30, 1634343534),
(1401, 5, 36, 44, 7, 1634343534),
(1402, 8, 75, 39, 11, 1634343534),
(1403, 5, 23, 35, 7, 1634343534),
(1404, 6, 56, 36, 8, 1634343534),
(1405, 5, 32, 35, 9, 1634343534),
(1406, 5, 31, 48, 13, 1634343534),
(1407, 6, 56, 36, 8, 1634343534),
(1408, 10, 63, 57, 30, 1634343534),
(1409, 5, 23, 35, 7, 1634343534),
(1410, 5, 30, 35, 13, 1634343534),
(1411, 9, 84, 40, 30, 1634343534),
(1412, 10, 65, 38, 30, 1634343534),
(1413, 5, 24, 38, 7, 1634343534),
(1414, 8, 74, 59, 11, 1634343534),
(1415, 8, 74, 59, 11, 1634343534),
(1416, 12, 92, 47, 16, 1634343534),
(1417, 5, 43, 35, 7, 1634343534),
(1418, 12, 93, 47, 16, 1634343534),
(1419, 5, 41, 35, 7, 1634343534),
(1420, 8, 75, 39, 11, 1634343534),
(1421, 6, 55, 36, 14, 1634343534),
(1422, 6, 56, 36, 8, 1634343534),
(1423, 9, 86, 51, 30, 1634343534),
(1424, 8, 74, 59, 11, 1634343534),
(1425, 5, 32, 35, 9, 1634343534),
(1426, 7, 49, 36, 22, 1634343534),
(1427, 6, 68, 56, 31, 1634343534),
(1428, 11, 82, 46, 7, 1634343534),
(1429, 6, 57, 53, 25, 1634343534),
(1430, 7, 49, 36, 22, 1634343534),
(1431, 6, 68, 56, 31, 1634343534),
(1432, 5, 37, 38, 9, 1634343534),
(1433, 8, 77, 39, 11, 1634343534),
(1434, 11, 78, 58, 13, 1634343534),
(1435, 11, 79, 46, 15, 1634343534),
(1436, 12, 98, 54, 16, 1634343534),
(1437, 5, 28, 43, 13, 1634343534),
(1438, 5, 32, 35, 9, 1634343534),
(1439, 10, 62, 57, 30, 1634343534),
(1440, 6, 56, 36, 8, 1634343534),
(1441, 11, 80, 52, 15, 1634343534),
(1442, 6, 69, 56, 32, 1634343534),
(1443, 5, 32, 35, 9, 1634343534),
(1444, 5, 43, 35, 7, 1634343534),
(1445, 5, 35, 35, 9, 1634343534),
(1446, 11, 78, 58, 13, 1634343534),
(1447, 8, 75, 39, 11, 1634343534),
(1448, 5, 34, 35, 9, 1634429934),
(1449, 7, 49, 36, 22, 1634429934),
(1450, 6, 68, 56, 31, 1634429934),
(1451, 5, 36, 44, 7, 1634429934),
(1452, 7, 52, 37, 18, 1634429934),
(1453, 5, 43, 35, 7, 1634429934),
(1454, 9, 88, 46, 30, 1634429934),
(1455, 6, 56, 36, 8, 1634429934),
(1456, 5, 46, 48, 26, 1634429934),
(1457, 10, 62, 57, 30, 1634429934),
(1458, 5, 45, 35, 28, 1634429934),
(1459, 6, 66, 41, 8, 1634429934),
(1460, 6, 56, 36, 8, 1634429934),
(1461, 6, 53, 39, 14, 1634429934),
(1462, 9, 86, 51, 30, 1634429934),
(1463, 12, 96, 54, 20, 1634429934),
(1464, 7, 50, 37, 17, 1634429934),
(1465, 5, 40, 35, 24, 1634429934),
(1466, 9, 83, 40, 30, 1634429934),
(1467, 8, 76, 36, 11, 1634429934),
(1468, 8, 75, 39, 11, 1634429934),
(1469, 8, 75, 39, 11, 1634429934),
(1470, 5, 44, 35, 9, 1634429934),
(1471, 6, 56, 36, 8, 1634429934),
(1472, 8, 73, 39, 21, 1634429934),
(1473, 12, 93, 47, 16, 1634429934),
(1474, 5, 38, 38, 24, 1634429934),
(1475, 8, 76, 36, 11, 1634429934),
(1476, 5, 32, 35, 9, 1634429934),
(1477, 5, 32, 35, 9, 1634429934),
(1478, 5, 40, 35, 24, 1634429934),
(1479, 9, 89, 50, 30, 1634429934),
(1480, 12, 98, 54, 16, 1634429934),
(1481, 5, 25, 35, 7, 1634429934),
(1482, 12, 95, 54, 16, 1634429934),
(1483, 9, 84, 40, 30, 1634429934),
(1484, 11, 81, 50, 15, 1634429934),
(1485, 12, 95, 54, 16, 1634429934),
(1486, 6, 56, 36, 8, 1634429934),
(1487, 6, 54, 39, 8, 1634429934),
(1488, 5, 26, 35, 7, 1634429934),
(1489, 7, 48, 36, 22, 1634429934),
(1490, 7, 51, 49, 18, 1634429934),
(1491, 8, 75, 39, 11, 1634429934),
(1492, 9, 88, 46, 30, 1634429934),
(1493, 6, 67, 41, 8, 1634429934),
(1494, 5, 45, 35, 28, 1634429934),
(1495, 5, 43, 35, 7, 1634429934),
(1496, 10, 63, 57, 30, 1634429934),
(1497, 5, 38, 38, 24, 1634429934),
(1498, 6, 53, 39, 14, 1634429934),
(1499, 5, 33, 35, 9, 1634429934),
(1500, 6, 56, 36, 8, 1634429934),
(1501, 5, 43, 35, 7, 1634429934),
(1502, 9, 90, 50, 30, 1634429934),
(1503, 10, 64, 45, 30, 1634429934),
(1504, 5, 29, 44, 13, 1634429934),
(1505, 9, 90, 50, 30, 1634429934),
(1506, 5, 32, 35, 9, 1634429934),
(1507, 5, 42, 35, 7, 1634429934),
(1508, 5, 42, 35, 7, 1634429934),
(1509, 5, 24, 38, 7, 1634429934),
(1510, 6, 59, 53, 23, 1634429934),
(1511, 6, 56, 36, 8, 1634429934),
(1512, 9, 83, 40, 30, 1634429934),
(1513, 5, 34, 35, 9, 1634429934),
(1514, 7, 49, 36, 22, 1634429934),
(1515, 6, 56, 36, 8, 1634429934),
(1516, 5, 36, 44, 7, 1634429934),
(1517, 10, 64, 45, 30, 1634429934),
(1518, 5, 23, 35, 7, 1634429934),
(1519, 9, 85, 51, 30, 1634429934),
(1520, 11, 82, 46, 7, 1634429934),
(1521, 9, 86, 51, 30, 1634429934),
(1522, 11, 81, 50, 15, 1634429934),
(1523, 5, 30, 35, 13, 1634429934),
(1524, 9, 89, 50, 30, 1634429934),
(1525, 5, 28, 43, 13, 1634429934),
(1526, 6, 66, 41, 8, 1634429934),
(1527, 8, 75, 39, 11, 1634429934),
(1528, 6, 71, 42, 12, 1634429934),
(1529, 6, 56, 36, 8, 1634429934),
(1530, 8, 75, 39, 11, 1634429934),
(1531, 5, 43, 35, 7, 1634429934),
(1532, 11, 80, 52, 15, 1634429934),
(1533, 9, 90, 50, 30, 1634429934),
(1534, 5, 38, 38, 24, 1634429934),
(1535, 5, 42, 35, 7, 1634429934),
(1536, 6, 57, 53, 25, 1634429934),
(1537, 12, 93, 47, 16, 1634429934),
(1538, 8, 76, 36, 11, 1634429934),
(1539, 5, 32, 35, 9, 1634429934),
(1540, 5, 32, 35, 9, 1634516334),
(1541, 5, 44, 35, 9, 1634516334),
(1542, 5, 37, 38, 9, 1634516334),
(1543, 5, 36, 44, 7, 1634516334),
(1544, 8, 75, 39, 11, 1634516334),
(1545, 12, 95, 54, 16, 1634516334),
(1546, 8, 75, 39, 11, 1634516334),
(1547, 5, 44, 35, 9, 1634516334),
(1548, 5, 44, 35, 9, 1634516334),
(1549, 5, 44, 35, 9, 1634516334),
(1550, 6, 66, 41, 8, 1634516334),
(1551, 5, 35, 35, 9, 1634516334),
(1552, 9, 84, 40, 30, 1634516334),
(1553, 12, 93, 47, 16, 1634516334),
(1554, 5, 43, 35, 7, 1634516334),
(1555, 6, 53, 39, 14, 1634516334);
INSERT INTO `penjualan` (`id`, `kategoriId`, `produkId`, `merkId`, `sizeId`, `tgl_penjualan`) VALUES
(1556, 5, 42, 35, 7, 1634516334),
(1557, 5, 45, 35, 28, 1634516334),
(1558, 11, 82, 46, 7, 1634516334),
(1559, 5, 27, 35, 13, 1634516334),
(1560, 9, 88, 46, 30, 1634516334),
(1561, 12, 99, 54, 16, 1634516334),
(1562, 7, 52, 37, 18, 1634516334),
(1563, 7, 50, 37, 17, 1634516334),
(1564, 8, 75, 39, 11, 1634516334),
(1565, 11, 78, 58, 13, 1634516334),
(1566, 5, 44, 35, 9, 1634516334),
(1567, 5, 43, 35, 7, 1634516334),
(1568, 9, 84, 40, 30, 1634516334),
(1569, 12, 95, 54, 16, 1634516334),
(1570, 8, 74, 59, 11, 1634516334),
(1571, 5, 36, 44, 7, 1634516334),
(1572, 8, 75, 39, 11, 1634516334),
(1573, 5, 25, 35, 7, 1634516334),
(1574, 7, 52, 37, 18, 1634516334),
(1575, 11, 80, 52, 15, 1634516334),
(1576, 6, 54, 39, 8, 1634516334),
(1577, 5, 23, 35, 7, 1634516334),
(1578, 9, 86, 51, 30, 1634516334),
(1579, 6, 54, 39, 8, 1634516334),
(1580, 6, 56, 36, 8, 1634516334),
(1581, 9, 90, 50, 30, 1634516334),
(1582, 7, 50, 37, 17, 1634516334),
(1583, 9, 90, 50, 30, 1634516334),
(1584, 5, 30, 35, 13, 1634516334),
(1585, 8, 75, 39, 11, 1634516334),
(1586, 12, 98, 54, 16, 1634516334),
(1587, 9, 86, 51, 30, 1634516334),
(1588, 8, 76, 36, 11, 1634516334),
(1589, 5, 29, 44, 13, 1634516334),
(1590, 11, 80, 52, 15, 1634516334),
(1591, 6, 54, 39, 8, 1634516334),
(1592, 5, 38, 38, 24, 1634516334),
(1593, 6, 55, 36, 14, 1634516334),
(1594, 11, 79, 46, 15, 1634516334),
(1595, 11, 80, 52, 15, 1634516334),
(1596, 12, 96, 54, 20, 1634516334),
(1597, 6, 57, 53, 25, 1634516334),
(1598, 10, 64, 45, 30, 1634516334),
(1599, 6, 56, 36, 8, 1634516334),
(1600, 5, 40, 35, 24, 1634516334),
(1601, 5, 29, 44, 13, 1634516334),
(1602, 6, 69, 56, 32, 1634516334),
(1603, 7, 51, 49, 18, 1634516334),
(1604, 5, 24, 38, 7, 1634516334),
(1605, 7, 52, 37, 18, 1634516334),
(1606, 5, 43, 35, 7, 1634516334),
(1607, 5, 36, 44, 7, 1634516334),
(1608, 9, 90, 50, 30, 1634516334),
(1609, 8, 75, 39, 11, 1634516334),
(1610, 11, 81, 50, 15, 1634516334),
(1611, 8, 75, 39, 11, 1634516334),
(1612, 7, 52, 37, 18, 1634516334),
(1613, 9, 90, 50, 30, 1634516334),
(1614, 7, 50, 37, 17, 1634516334),
(1615, 7, 50, 37, 17, 1634516334),
(1616, 5, 38, 38, 24, 1634516334),
(1617, 12, 98, 54, 16, 1634516334),
(1618, 5, 43, 35, 7, 1634516334),
(1619, 5, 23, 35, 7, 1634516334),
(1620, 5, 36, 44, 7, 1634516334),
(1621, 10, 64, 45, 30, 1634602734),
(1622, 5, 43, 35, 7, 1634602734),
(1623, 9, 86, 51, 30, 1634602734),
(1624, 7, 48, 36, 22, 1634602734),
(1625, 6, 67, 41, 8, 1634602734),
(1626, 5, 37, 38, 9, 1634602734),
(1627, 10, 63, 57, 30, 1634602734),
(1628, 10, 63, 57, 30, 1634602734),
(1629, 8, 77, 39, 11, 1634602734),
(1630, 12, 98, 54, 16, 1634602734),
(1631, 10, 60, 55, 30, 1634602734),
(1632, 5, 31, 48, 13, 1634602734),
(1633, 8, 75, 39, 11, 1634602734),
(1634, 5, 40, 35, 24, 1634602734),
(1635, 11, 80, 52, 15, 1634602734),
(1636, 9, 90, 50, 30, 1634602734),
(1637, 6, 72, 39, 8, 1634602734),
(1638, 6, 56, 36, 8, 1634602734),
(1639, 12, 95, 54, 16, 1634602734),
(1640, 9, 85, 51, 30, 1634602734),
(1641, 9, 85, 51, 30, 1634602734),
(1642, 8, 75, 39, 11, 1634602734),
(1643, 6, 66, 41, 8, 1634602734),
(1644, 5, 44, 35, 9, 1634602734),
(1645, 5, 43, 35, 7, 1634602734),
(1646, 5, 46, 48, 26, 1634602734),
(1647, 5, 35, 35, 9, 1634602734),
(1648, 11, 79, 46, 15, 1634602734),
(1649, 5, 32, 35, 9, 1634602734),
(1650, 9, 90, 50, 30, 1634602734),
(1651, 8, 73, 39, 21, 1634602734),
(1652, 7, 50, 37, 17, 1634602734),
(1653, 5, 36, 44, 7, 1634602734),
(1654, 8, 75, 39, 11, 1634602734),
(1655, 5, 38, 38, 24, 1634602734),
(1656, 5, 42, 35, 7, 1634602734),
(1657, 8, 75, 39, 11, 1634602734),
(1658, 5, 43, 35, 7, 1634602734),
(1659, 7, 52, 37, 18, 1634602734),
(1660, 5, 35, 35, 9, 1634602734),
(1661, 7, 52, 37, 18, 1634602734),
(1662, 9, 86, 51, 30, 1634602734),
(1663, 6, 54, 39, 8, 1634602734),
(1664, 5, 29, 44, 13, 1634602734),
(1665, 12, 94, 47, 33, 1634602734),
(1666, 5, 38, 38, 24, 1634602734),
(1667, 9, 88, 46, 30, 1634602734),
(1668, 5, 25, 35, 7, 1634602734),
(1669, 11, 78, 58, 13, 1634602734),
(1670, 6, 56, 36, 8, 1634602734),
(1671, 10, 63, 57, 30, 1634602734),
(1672, 9, 90, 50, 30, 1634602734),
(1673, 8, 73, 39, 21, 1634602734),
(1674, 5, 26, 35, 7, 1634602734),
(1675, 7, 50, 37, 17, 1634602734),
(1676, 9, 84, 40, 30, 1634602734),
(1677, 5, 40, 35, 24, 1634602734),
(1678, 9, 86, 51, 30, 1634602734),
(1679, 5, 44, 35, 9, 1634602734),
(1680, 6, 72, 39, 8, 1634689134),
(1681, 8, 75, 39, 11, 1634689134),
(1682, 5, 45, 35, 28, 1634689134),
(1683, 5, 32, 35, 9, 1634689134),
(1684, 5, 38, 38, 24, 1634689134),
(1685, 10, 63, 57, 30, 1634689134),
(1686, 5, 43, 35, 7, 1634689134),
(1687, 6, 56, 36, 8, 1634689134),
(1688, 11, 81, 50, 15, 1634689134),
(1689, 6, 56, 36, 8, 1634689134),
(1690, 6, 58, 53, 14, 1634689134),
(1691, 9, 84, 40, 30, 1634689134),
(1692, 5, 27, 35, 13, 1634689134),
(1693, 8, 77, 39, 11, 1634689134),
(1694, 6, 72, 39, 8, 1634689134),
(1695, 5, 23, 35, 7, 1634689134),
(1696, 6, 56, 36, 8, 1634689134),
(1697, 8, 75, 39, 11, 1634689134),
(1698, 9, 87, 51, 30, 1634689134),
(1699, 5, 28, 43, 13, 1634689134),
(1700, 6, 56, 36, 8, 1634689134),
(1701, 11, 80, 52, 15, 1634689134),
(1702, 5, 40, 35, 24, 1634689134),
(1703, 5, 40, 35, 24, 1634689134),
(1704, 9, 86, 51, 30, 1634689134),
(1705, 8, 75, 39, 11, 1634689134),
(1706, 5, 28, 43, 13, 1634689134),
(1707, 9, 84, 40, 30, 1634689134),
(1708, 6, 66, 41, 8, 1634689134),
(1709, 5, 42, 35, 7, 1634689134),
(1710, 5, 38, 38, 24, 1634689134),
(1711, 6, 53, 39, 14, 1634689134),
(1712, 7, 50, 37, 17, 1634689134),
(1713, 7, 52, 37, 18, 1634689134),
(1714, 9, 89, 50, 30, 1634689134),
(1715, 9, 90, 50, 30, 1634689134),
(1716, 6, 56, 36, 8, 1634689134),
(1717, 6, 54, 39, 8, 1634689134),
(1718, 5, 38, 38, 24, 1634689134),
(1719, 7, 52, 37, 18, 1634689134),
(1720, 9, 86, 51, 30, 1634689134),
(1721, 10, 64, 45, 30, 1634689134),
(1722, 5, 43, 35, 7, 1634689134),
(1723, 9, 83, 40, 30, 1634689134),
(1724, 8, 76, 36, 11, 1634689134),
(1725, 13, 47, 43, 19, 1634689134),
(1726, 5, 43, 35, 7, 1634689134),
(1727, 6, 66, 41, 8, 1634689134),
(1728, 9, 86, 51, 30, 1634689134),
(1729, 5, 40, 35, 24, 1634689134),
(1730, 11, 80, 52, 15, 1634689134),
(1731, 6, 71, 42, 12, 1634689134),
(1732, 7, 50, 37, 17, 1634689134),
(1733, 7, 48, 36, 22, 1634689134),
(1734, 5, 24, 38, 7, 1634689134),
(1735, 5, 33, 35, 9, 1634689134),
(1736, 9, 83, 40, 30, 1634689134),
(1737, 5, 40, 35, 24, 1634689134),
(1738, 12, 95, 54, 16, 1634689134),
(1739, 6, 56, 36, 8, 1634689134),
(1740, 12, 95, 54, 16, 1634689134),
(1741, 5, 32, 35, 9, 1634689134),
(1742, 5, 36, 44, 7, 1634689134),
(1743, 8, 75, 39, 11, 1634689134),
(1744, 13, 47, 43, 19, 1634689134),
(1745, 6, 72, 39, 8, 1634689134),
(1746, 9, 86, 51, 30, 1634689134),
(1747, 5, 41, 35, 7, 1634689134),
(1748, 6, 71, 42, 12, 1634689134),
(1749, 13, 47, 43, 19, 1634689134),
(1750, 8, 77, 39, 11, 1634689134),
(1751, 6, 56, 36, 8, 1634689134),
(1752, 9, 86, 51, 30, 1634689134),
(1753, 5, 40, 35, 24, 1634689134),
(1754, 5, 35, 35, 9, 1634689134),
(1755, 7, 52, 37, 18, 1634689134),
(1756, 12, 93, 47, 16, 1634775534),
(1757, 7, 50, 37, 17, 1634775534),
(1758, 5, 43, 35, 7, 1634775534),
(1759, 5, 44, 35, 9, 1634775534),
(1760, 5, 35, 35, 9, 1634775534),
(1761, 9, 84, 40, 30, 1634775534),
(1762, 6, 55, 36, 14, 1634775534),
(1763, 9, 85, 51, 30, 1634775534),
(1764, 5, 32, 35, 9, 1634775534),
(1765, 10, 62, 57, 30, 1634775534),
(1766, 8, 76, 36, 11, 1634775534),
(1767, 5, 37, 38, 9, 1634775534),
(1768, 9, 85, 51, 30, 1634775534),
(1769, 5, 41, 35, 7, 1634775534),
(1770, 5, 25, 35, 7, 1634775534),
(1771, 9, 90, 50, 30, 1634775534),
(1772, 8, 77, 39, 11, 1634775534),
(1773, 6, 56, 36, 8, 1634775534),
(1774, 9, 85, 51, 30, 1634775534),
(1775, 5, 31, 48, 13, 1634775534),
(1776, 12, 94, 47, 33, 1634775534),
(1777, 11, 78, 58, 13, 1634775534),
(1778, 6, 56, 36, 8, 1634775534),
(1779, 11, 81, 50, 15, 1634775534),
(1780, 7, 49, 36, 22, 1634775534),
(1781, 6, 68, 56, 31, 1634775534),
(1782, 5, 29, 44, 13, 1634775534),
(1783, 6, 66, 41, 8, 1634775534),
(1784, 9, 89, 50, 30, 1634775534),
(1785, 6, 66, 41, 8, 1634775534),
(1786, 5, 38, 38, 24, 1634775534),
(1787, 10, 60, 55, 30, 1634775534),
(1788, 9, 90, 50, 30, 1634775534),
(1789, 8, 76, 36, 11, 1634775534),
(1790, 5, 24, 38, 7, 1634775534),
(1791, 9, 88, 46, 30, 1634775534),
(1792, 8, 75, 39, 11, 1634775534),
(1793, 7, 52, 37, 18, 1634775534),
(1794, 12, 93, 47, 16, 1634775534),
(1795, 9, 84, 40, 30, 1634775534),
(1796, 6, 54, 39, 8, 1634775534),
(1797, 6, 54, 39, 8, 1634775534),
(1798, 5, 28, 43, 13, 1634775534),
(1799, 11, 80, 52, 15, 1634775534),
(1800, 5, 38, 38, 24, 1634775534),
(1801, 5, 38, 38, 24, 1634775534),
(1802, 5, 38, 38, 24, 1634775534),
(1803, 6, 56, 36, 8, 1634775534),
(1804, 7, 52, 37, 18, 1634775534),
(1805, 12, 95, 54, 16, 1634775534),
(1806, 9, 90, 50, 30, 1634775534),
(1807, 6, 56, 36, 8, 1634775534),
(1808, 8, 75, 39, 11, 1634775534),
(1809, 5, 30, 35, 13, 1634775534),
(1810, 5, 42, 35, 7, 1634775534),
(1811, 5, 40, 35, 24, 1634775534),
(1812, 6, 57, 53, 25, 1634775534),
(1813, 12, 95, 54, 16, 1634775534),
(1814, 9, 84, 40, 30, 1634775534),
(1815, 5, 43, 35, 7, 1634775534),
(1816, 8, 75, 39, 11, 1634775534),
(1817, 10, 62, 57, 30, 1634775534),
(1818, 12, 93, 47, 16, 1634775534),
(1819, 12, 93, 47, 16, 1634775534),
(1820, 9, 91, 61, 30, 1634775534),
(1821, 5, 28, 43, 13, 1634775534),
(1822, 12, 95, 54, 16, 1634775534),
(1823, 6, 59, 53, 23, 1634775534),
(1824, 11, 79, 46, 15, 1634775534),
(1825, 10, 64, 45, 30, 1634775534),
(1826, 11, 79, 46, 15, 1634775534),
(1827, 5, 30, 35, 13, 1634775534),
(1828, 5, 27, 35, 13, 1634775534),
(1829, 6, 57, 53, 25, 1634775534),
(1830, 5, 28, 43, 13, 1634775534),
(1831, 7, 50, 37, 17, 1634775534),
(1832, 5, 45, 35, 28, 1634775534),
(1833, 5, 38, 38, 24, 1634775534),
(1834, 7, 52, 37, 18, 1634775534),
(1835, 9, 84, 40, 30, 1634775534),
(1836, 9, 86, 51, 30, 1634775534),
(1837, 8, 73, 39, 21, 1634775534),
(1838, 8, 74, 59, 11, 1634775534),
(1839, 9, 89, 50, 30, 1634775534),
(1840, 12, 98, 54, 16, 1634775534),
(1841, 5, 43, 35, 7, 1634861934),
(1842, 5, 29, 44, 13, 1634861934),
(1843, 5, 38, 38, 24, 1634861934),
(1844, 6, 56, 36, 8, 1634861934),
(1845, 11, 82, 46, 7, 1634861934),
(1846, 5, 32, 35, 9, 1634861934),
(1847, 5, 44, 35, 9, 1634861934),
(1848, 5, 37, 38, 9, 1634861934),
(1849, 6, 71, 42, 12, 1634861934),
(1850, 9, 84, 40, 30, 1634861934),
(1851, 5, 24, 38, 7, 1634861934),
(1852, 9, 86, 51, 30, 1634861934),
(1853, 9, 88, 46, 30, 1634861934),
(1854, 11, 82, 46, 7, 1634861934),
(1855, 5, 35, 35, 9, 1634861934),
(1856, 10, 64, 45, 30, 1634861934),
(1857, 6, 56, 36, 8, 1634861934),
(1858, 6, 56, 36, 8, 1634861934),
(1859, 5, 44, 35, 9, 1634861934),
(1860, 5, 24, 38, 7, 1634861934),
(1861, 8, 75, 39, 11, 1634861934),
(1862, 6, 56, 36, 8, 1634861934),
(1863, 5, 28, 43, 13, 1634861934),
(1864, 5, 40, 35, 24, 1634861934),
(1865, 5, 46, 48, 26, 1634861934),
(1866, 9, 90, 50, 30, 1634861934),
(1867, 8, 75, 39, 11, 1634861934),
(1868, 6, 70, 39, 8, 1634861934),
(1869, 5, 32, 35, 9, 1634861934),
(1870, 5, 44, 35, 9, 1634861934),
(1871, 5, 44, 35, 9, 1634861934),
(1872, 5, 37, 38, 9, 1634861934),
(1873, 12, 93, 47, 16, 1634861934),
(1874, 9, 91, 61, 30, 1634861934),
(1875, 5, 23, 35, 7, 1634861934),
(1876, 11, 82, 46, 7, 1634861934),
(1877, 8, 76, 36, 11, 1634861934),
(1878, 9, 86, 51, 30, 1634861934),
(1879, 6, 58, 53, 14, 1634861934),
(1880, 5, 43, 35, 7, 1634861934),
(1881, 5, 38, 38, 24, 1634861934),
(1882, 9, 84, 40, 30, 1634861934),
(1883, 6, 56, 36, 8, 1634861934),
(1884, 9, 85, 51, 30, 1634861934),
(1885, 6, 72, 39, 8, 1634861934),
(1886, 7, 52, 37, 18, 1634861934),
(1887, 7, 51, 49, 18, 1634861934),
(1888, 6, 53, 39, 14, 1634861934),
(1889, 11, 81, 50, 15, 1634861934),
(1890, 9, 85, 51, 30, 1634861934),
(1891, 5, 28, 43, 13, 1634861934),
(1892, 7, 50, 37, 17, 1634861934),
(1893, 5, 40, 35, 24, 1634861934),
(1894, 6, 55, 36, 14, 1634861934),
(1895, 9, 87, 51, 30, 1634861934),
(1896, 6, 66, 41, 8, 1634861934),
(1897, 7, 51, 49, 18, 1634861934),
(1898, 5, 29, 44, 13, 1634861934),
(1899, 9, 84, 40, 30, 1634861934),
(1900, 5, 36, 44, 7, 1634861934),
(1901, 8, 75, 39, 11, 1634861934),
(1902, 6, 56, 36, 8, 1634861934),
(1903, 12, 95, 54, 16, 1634861934),
(1904, 6, 56, 36, 8, 1634861934),
(1905, 6, 56, 36, 8, 1634861934),
(1906, 12, 95, 54, 16, 1634861934),
(1907, 7, 52, 37, 18, 1634861934),
(1908, 12, 93, 47, 16, 1634861934),
(1909, 5, 25, 35, 7, 1634861934),
(1910, 11, 78, 58, 13, 1634861934),
(1911, 7, 48, 36, 22, 1634861934),
(1912, 9, 86, 51, 30, 1634861934),
(1913, 11, 81, 50, 15, 1634861934),
(1914, 9, 85, 51, 30, 1634861934),
(1915, 5, 36, 44, 7, 1634861934),
(1916, 8, 75, 39, 11, 1634861934),
(1917, 5, 28, 43, 13, 1634948334),
(1918, 10, 63, 57, 30, 1634948334),
(1919, 6, 69, 56, 32, 1634948334),
(1920, 9, 83, 40, 30, 1634948334),
(1921, 8, 75, 39, 11, 1634948334),
(1922, 9, 88, 46, 30, 1634948334),
(1923, 5, 33, 35, 9, 1634948334),
(1924, 6, 56, 36, 8, 1634948334),
(1925, 9, 90, 50, 30, 1634948334),
(1926, 9, 83, 40, 30, 1634948334),
(1927, 12, 98, 54, 16, 1634948334),
(1928, 9, 86, 51, 30, 1634948334),
(1929, 7, 50, 37, 17, 1634948334),
(1930, 5, 37, 38, 9, 1634948334),
(1931, 5, 43, 35, 7, 1634948334),
(1932, 6, 55, 36, 14, 1634948334),
(1933, 5, 38, 38, 24, 1634948334),
(1934, 6, 53, 39, 14, 1634948334),
(1935, 5, 29, 44, 13, 1634948334),
(1936, 10, 65, 38, 30, 1634948334),
(1937, 5, 36, 44, 7, 1634948334),
(1938, 6, 66, 41, 8, 1634948334),
(1939, 9, 90, 50, 30, 1634948334),
(1940, 8, 77, 39, 11, 1634948334),
(1941, 5, 42, 35, 7, 1634948334),
(1942, 6, 56, 36, 8, 1634948334),
(1943, 6, 54, 39, 8, 1634948334),
(1944, 11, 79, 46, 15, 1634948334),
(1945, 8, 75, 39, 11, 1634948334),
(1946, 5, 40, 35, 24, 1634948334),
(1947, 5, 26, 35, 7, 1634948334),
(1948, 7, 50, 37, 17, 1634948334),
(1949, 5, 26, 35, 7, 1634948334),
(1950, 5, 37, 38, 9, 1634948334),
(1951, 10, 60, 55, 30, 1634948334),
(1952, 5, 44, 35, 9, 1634948334),
(1953, 5, 44, 35, 9, 1634948334),
(1954, 7, 51, 49, 18, 1634948334),
(1955, 5, 28, 43, 13, 1634948334),
(1956, 6, 56, 36, 8, 1634948334),
(1957, 5, 38, 38, 24, 1634948334),
(1958, 6, 69, 56, 32, 1634948334),
(1959, 12, 94, 47, 33, 1634948334),
(1960, 6, 67, 41, 8, 1634948334),
(1961, 7, 52, 37, 18, 1634948334),
(1962, 6, 56, 36, 8, 1634948334),
(1963, 11, 80, 52, 15, 1634948334),
(1964, 5, 42, 35, 7, 1634948334),
(1965, 6, 57, 53, 25, 1634948334),
(1966, 8, 74, 59, 11, 1634948334),
(1967, 8, 75, 39, 11, 1634948334),
(1968, 5, 38, 38, 24, 1634948334),
(1969, 8, 75, 39, 11, 1634948334),
(1970, 8, 74, 59, 11, 1634948334),
(1971, 9, 86, 51, 30, 1634948334),
(1972, 6, 54, 39, 8, 1634948334),
(1973, 5, 43, 35, 7, 1634948334),
(1974, 9, 86, 51, 30, 1634948334),
(1975, 9, 85, 51, 30, 1634948334),
(1976, 5, 43, 35, 7, 1634948334),
(1977, 6, 66, 41, 8, 1634948334),
(1978, 5, 35, 35, 9, 1634948334),
(1979, 6, 56, 36, 8, 1634948334),
(1980, 5, 40, 35, 24, 1634948334),
(1981, 5, 32, 35, 9, 1634948334),
(1982, 10, 62, 57, 30, 1634948334),
(1983, 7, 50, 37, 17, 1634948334),
(1984, 12, 95, 54, 16, 1634948334),
(1985, 10, 61, 55, 30, 1634948334),
(1986, 5, 28, 43, 13, 1634948334),
(1987, 7, 51, 49, 18, 1634948334),
(1988, 5, 43, 35, 7, 1634948334),
(1989, 10, 63, 57, 30, 1634948334),
(1990, 11, 80, 52, 15, 1634948334),
(1991, 8, 75, 39, 11, 1634948334),
(1992, 5, 26, 35, 7, 1634948334),
(1993, 8, 75, 39, 11, 1634948334),
(1994, 8, 76, 36, 11, 1634948334),
(1995, 6, 56, 36, 8, 1634948334),
(1996, 11, 80, 52, 15, 1634948334),
(1997, 6, 57, 53, 25, 1634948334),
(1998, 9, 83, 40, 30, 1634948334),
(1999, 9, 86, 51, 30, 1634948334),
(2000, 6, 72, 39, 8, 1634948334),
(2001, 5, 46, 48, 26, 1635034734),
(2002, 5, 46, 48, 26, 1635034734),
(2003, 5, 46, 48, 26, 1635034734),
(2004, 8, 75, 39, 11, 1635034734),
(2005, 5, 30, 35, 13, 1635034734),
(2006, 9, 89, 50, 30, 1635034734),
(2007, 8, 77, 39, 11, 1635034734),
(2008, 7, 51, 49, 18, 1635034734),
(2009, 5, 40, 35, 24, 1635034734),
(2010, 6, 56, 36, 8, 1635034734),
(2011, 11, 81, 50, 15, 1635034734),
(2012, 11, 81, 50, 15, 1635034734),
(2013, 12, 92, 47, 16, 1635034734),
(2014, 11, 80, 52, 15, 1635034734),
(2015, 5, 28, 43, 13, 1635034734),
(2016, 5, 30, 35, 13, 1635034734),
(2017, 5, 45, 35, 28, 1635034734),
(2018, 5, 32, 35, 9, 1635034734),
(2019, 7, 52, 37, 18, 1635034734),
(2020, 12, 93, 47, 16, 1635034734),
(2021, 9, 84, 40, 30, 1635034734),
(2022, 5, 42, 35, 7, 1635034734),
(2023, 5, 43, 35, 7, 1635034734),
(2024, 6, 66, 41, 8, 1635034734),
(2025, 6, 56, 36, 8, 1635034734),
(2026, 12, 93, 47, 16, 1635034734),
(2027, 6, 54, 39, 8, 1635034734),
(2028, 5, 33, 35, 9, 1635034734),
(2029, 12, 92, 47, 16, 1635034734),
(2030, 5, 31, 48, 13, 1635034734),
(2031, 9, 86, 51, 30, 1635034734),
(2032, 6, 58, 53, 14, 1635034734),
(2033, 5, 29, 44, 13, 1635034734),
(2034, 10, 64, 45, 30, 1635034734),
(2035, 9, 84, 40, 30, 1635034734),
(2036, 5, 46, 48, 26, 1635034734),
(2037, 8, 75, 39, 11, 1635034734),
(2038, 11, 81, 50, 15, 1635034734),
(2039, 5, 31, 48, 13, 1635034734),
(2040, 12, 93, 47, 16, 1635034734),
(2041, 7, 49, 36, 22, 1635034734),
(2042, 6, 68, 56, 31, 1635034734),
(2043, 6, 56, 36, 8, 1635034734),
(2044, 7, 48, 36, 22, 1635034734),
(2045, 5, 43, 35, 7, 1635034734),
(2046, 9, 88, 46, 30, 1635034734),
(2047, 11, 80, 52, 15, 1635034734),
(2048, 5, 37, 38, 9, 1635034734),
(2049, 5, 44, 35, 9, 1635034734),
(2050, 5, 28, 43, 13, 1635034734),
(2051, 12, 98, 54, 16, 1635034734),
(2052, 6, 66, 41, 8, 1635034734),
(2053, 9, 90, 50, 30, 1635034734),
(2054, 5, 24, 38, 7, 1635034734),
(2055, 12, 94, 47, 33, 1635034734),
(2056, 5, 25, 35, 7, 1635034734),
(2057, 5, 30, 35, 13, 1635034734),
(2058, 8, 75, 39, 11, 1635034734),
(2059, 5, 40, 35, 24, 1635034734),
(2060, 9, 86, 51, 30, 1635034734),
(2061, 6, 54, 39, 8, 1635034734),
(2062, 6, 56, 36, 8, 1635034734),
(2063, 9, 85, 51, 30, 1635034734),
(2064, 7, 52, 37, 18, 1635034734),
(2065, 12, 93, 47, 16, 1635034734),
(2066, 5, 32, 35, 9, 1635121134),
(2067, 9, 90, 50, 30, 1635121134),
(2068, 6, 66, 41, 8, 1635121134),
(2069, 8, 75, 39, 11, 1635121134),
(2070, 13, 47, 43, 19, 1635121134),
(2071, 8, 74, 59, 11, 1635121134),
(2072, 9, 89, 50, 30, 1635121134),
(2073, 5, 42, 35, 7, 1635121134),
(2074, 5, 27, 35, 13, 1635121134),
(2075, 6, 58, 53, 14, 1635121134),
(2076, 5, 29, 44, 13, 1635121134),
(2077, 5, 36, 44, 7, 1635121134),
(2078, 8, 75, 39, 11, 1635121134),
(2079, 8, 75, 39, 11, 1635121134),
(2080, 5, 38, 38, 24, 1635121134),
(2081, 5, 35, 35, 9, 1635121134),
(2082, 9, 84, 40, 30, 1635121134),
(2083, 5, 26, 35, 7, 1635121134),
(2084, 7, 50, 37, 17, 1635121134),
(2085, 5, 43, 35, 7, 1635121134),
(2086, 9, 91, 61, 30, 1635121134),
(2087, 9, 86, 51, 30, 1635121134),
(2088, 11, 78, 58, 13, 1635121134),
(2089, 8, 73, 39, 21, 1635121134),
(2090, 10, 64, 45, 30, 1635121134),
(2091, 5, 43, 35, 7, 1635121134),
(2092, 6, 69, 56, 32, 1635121134),
(2093, 5, 23, 35, 7, 1635121134),
(2094, 7, 50, 37, 17, 1635121134),
(2095, 12, 98, 54, 16, 1635121134),
(2096, 5, 43, 35, 7, 1635121134),
(2097, 11, 79, 46, 15, 1635121134),
(2098, 11, 79, 46, 15, 1635121134),
(2099, 6, 72, 39, 8, 1635121134),
(2100, 7, 49, 36, 22, 1635121134),
(2101, 8, 75, 39, 11, 1635121134),
(2102, 5, 40, 35, 24, 1635121134),
(2103, 8, 75, 39, 11, 1635121134),
(2104, 5, 26, 35, 7, 1635121134),
(2105, 7, 52, 37, 18, 1635121134),
(2106, 10, 60, 55, 30, 1635121134),
(2107, 5, 28, 43, 13, 1635121134),
(2108, 5, 34, 35, 9, 1635121134),
(2109, 7, 49, 36, 22, 1635121134),
(2110, 6, 68, 56, 31, 1635121134),
(2111, 6, 56, 36, 8, 1635121134),
(2112, 6, 55, 36, 14, 1635121134),
(2113, 9, 85, 51, 30, 1635121134),
(2114, 7, 52, 37, 18, 1635121134),
(2115, 5, 25, 35, 7, 1635121134),
(2116, 6, 57, 53, 25, 1635121134),
(2117, 5, 46, 48, 26, 1635121134),
(2118, 5, 46, 48, 26, 1635121134),
(2119, 5, 32, 35, 9, 1635121134),
(2120, 12, 95, 54, 16, 1635121134),
(2121, 6, 72, 39, 8, 1635121134),
(2122, 6, 56, 36, 8, 1635121134),
(2123, 11, 78, 58, 13, 1635121134),
(2124, 8, 76, 36, 11, 1635121134),
(2125, 7, 51, 49, 18, 1635121134),
(2126, 7, 52, 37, 18, 1635121134),
(2127, 8, 75, 39, 11, 1635121134),
(2128, 9, 88, 46, 30, 1635121134),
(2129, 11, 80, 52, 15, 1635121134),
(2130, 5, 45, 35, 28, 1635121134),
(2131, 6, 56, 36, 8, 1635121134),
(2132, 5, 43, 35, 7, 1635121134),
(2133, 9, 90, 50, 30, 1635121134),
(2134, 6, 67, 41, 8, 1635121134),
(2135, 6, 54, 39, 8, 1635121134),
(2136, 5, 28, 43, 13, 1635121134),
(2137, 7, 50, 37, 17, 1635121134),
(2138, 5, 37, 38, 9, 1635121134),
(2139, 8, 75, 39, 11, 1635121134),
(2140, 5, 40, 35, 24, 1635121134),
(2141, 7, 51, 49, 18, 1635121134),
(2142, 9, 90, 50, 30, 1635121134),
(2143, 8, 75, 39, 11, 1635121134),
(2144, 5, 40, 35, 24, 1635121134),
(2145, 7, 50, 37, 17, 1635121134),
(2146, 5, 36, 44, 7, 1635121134),
(2147, 5, 37, 38, 9, 1635121134),
(2148, 10, 64, 45, 30, 1635121134),
(2149, 5, 38, 38, 24, 1635121134),
(2150, 5, 32, 35, 9, 1635121134),
(2151, 7, 52, 37, 18, 1635207534),
(2152, 6, 56, 36, 8, 1635207534),
(2153, 12, 92, 47, 16, 1635207534),
(2154, 6, 70, 39, 8, 1635207534),
(2155, 5, 33, 35, 9, 1635207534),
(2156, 12, 95, 54, 16, 1635207534),
(2157, 12, 95, 54, 16, 1635207534),
(2158, 12, 95, 54, 16, 1635207534),
(2159, 8, 75, 39, 11, 1635207534),
(2160, 12, 95, 54, 16, 1635207534),
(2161, 5, 32, 35, 9, 1635207534),
(2162, 10, 62, 57, 30, 1635207534),
(2163, 9, 83, 40, 30, 1635207534),
(2164, 5, 38, 38, 24, 1635207534),
(2165, 6, 53, 39, 14, 1635207534),
(2166, 5, 40, 35, 24, 1635207534),
(2167, 8, 76, 36, 11, 1635207534),
(2168, 5, 43, 35, 7, 1635207534),
(2169, 8, 76, 36, 11, 1635207534),
(2170, 5, 31, 48, 13, 1635207534),
(2171, 5, 23, 35, 7, 1635207534),
(2172, 5, 29, 44, 13, 1635207534),
(2173, 11, 78, 58, 13, 1635207534),
(2174, 9, 86, 51, 30, 1635207534),
(2175, 7, 48, 36, 22, 1635207534),
(2176, 6, 56, 36, 8, 1635207534),
(2177, 6, 59, 53, 23, 1635207534),
(2178, 5, 31, 48, 13, 1635207534),
(2179, 9, 84, 40, 30, 1635207534),
(2180, 12, 92, 47, 16, 1635207534),
(2181, 9, 85, 51, 30, 1635207534),
(2182, 5, 31, 48, 13, 1635207534),
(2183, 10, 63, 57, 30, 1635207534),
(2184, 7, 50, 37, 17, 1635207534),
(2185, 5, 38, 38, 24, 1635207534),
(2186, 5, 42, 35, 7, 1635207534),
(2187, 9, 85, 51, 30, 1635207534),
(2188, 7, 52, 37, 18, 1635207534),
(2189, 5, 40, 35, 24, 1635207534),
(2190, 6, 71, 42, 12, 1635207534),
(2191, 5, 35, 35, 9, 1635207534),
(2192, 6, 56, 36, 8, 1635207534),
(2193, 5, 41, 35, 7, 1635207534),
(2194, 6, 56, 36, 8, 1635207534),
(2195, 9, 84, 40, 30, 1635207534),
(2196, 5, 23, 35, 7, 1635207534),
(2197, 7, 51, 49, 18, 1635207534),
(2198, 5, 26, 35, 7, 1635207534),
(2199, 5, 45, 35, 28, 1635207534),
(2200, 5, 45, 35, 28, 1635207534),
(2201, 5, 43, 35, 7, 1635207534),
(2202, 7, 50, 37, 17, 1635207534),
(2203, 5, 25, 35, 7, 1635207534),
(2204, 9, 86, 51, 30, 1635207534),
(2205, 6, 56, 36, 8, 1635207534),
(2206, 7, 50, 37, 17, 1635207534),
(2207, 6, 53, 39, 14, 1635207534),
(2208, 5, 40, 35, 24, 1635207534),
(2209, 5, 23, 35, 7, 1635207534),
(2210, 5, 23, 35, 7, 1635207534),
(2211, 6, 56, 36, 8, 1635207534),
(2212, 5, 41, 35, 7, 1635207534),
(2213, 5, 43, 35, 7, 1635207534),
(2214, 5, 24, 38, 7, 1635207534),
(2215, 10, 65, 38, 30, 1635207534),
(2216, 5, 44, 35, 9, 1635207534),
(2217, 5, 32, 35, 9, 1635207534),
(2218, 5, 28, 43, 13, 1635207534),
(2219, 6, 56, 36, 8, 1635207534),
(2220, 9, 84, 40, 30, 1635207534),
(2221, 9, 88, 46, 30, 1635207534),
(2222, 5, 43, 35, 7, 1635207534),
(2223, 9, 88, 46, 30, 1635207534),
(2224, 9, 88, 46, 30, 1635207534),
(2225, 9, 88, 46, 30, 1635293934),
(2226, 9, 88, 46, 30, 1635293934),
(2227, 9, 88, 46, 30, 1635293934),
(2228, 7, 50, 37, 17, 1635293934),
(2229, 10, 60, 55, 30, 1635293934),
(2230, 8, 77, 39, 11, 1635293934),
(2231, 6, 54, 39, 8, 1635293934),
(2232, 8, 75, 39, 11, 1635293934),
(2233, 5, 38, 38, 24, 1635293934),
(2234, 5, 42, 35, 7, 1635293934),
(2235, 10, 62, 57, 30, 1635293934),
(2236, 6, 56, 36, 8, 1635293934),
(2237, 9, 86, 51, 30, 1635293934),
(2238, 5, 40, 35, 24, 1635293934),
(2239, 5, 23, 35, 7, 1635293934),
(2240, 5, 27, 35, 13, 1635293934),
(2241, 7, 49, 36, 22, 1635293934),
(2242, 6, 68, 56, 31, 1635293934),
(2243, 5, 32, 35, 9, 1635293934),
(2244, 5, 30, 35, 13, 1635293934),
(2245, 5, 45, 35, 28, 1635293934),
(2246, 9, 89, 50, 30, 1635293934),
(2247, 5, 28, 43, 13, 1635293934),
(2248, 9, 88, 46, 30, 1635293934),
(2249, 8, 75, 39, 11, 1635293934),
(2250, 12, 98, 54, 16, 1635293934),
(2251, 5, 37, 38, 9, 1635293934),
(2252, 5, 40, 35, 24, 1635293934),
(2253, 11, 80, 52, 15, 1635293934),
(2254, 9, 90, 50, 30, 1635293934),
(2255, 11, 79, 46, 15, 1635293934),
(2256, 5, 36, 44, 7, 1635293934),
(2257, 9, 84, 40, 30, 1635293934),
(2258, 5, 36, 44, 7, 1635293934),
(2259, 8, 75, 39, 11, 1635293934),
(2260, 12, 94, 47, 33, 1635293934),
(2261, 13, 47, 43, 19, 1635293934),
(2262, 5, 37, 38, 9, 1635293934),
(2263, 6, 66, 41, 8, 1635293934),
(2264, 5, 29, 44, 13, 1635293934),
(2265, 5, 32, 35, 9, 1635293934),
(2266, 12, 96, 54, 20, 1635293934),
(2267, 8, 76, 36, 11, 1635293934),
(2268, 5, 31, 48, 13, 1635293934),
(2269, 5, 44, 35, 9, 1635293934),
(2270, 5, 43, 35, 7, 1635293934),
(2271, 12, 93, 47, 16, 1635293934),
(2272, 5, 32, 35, 9, 1635293934),
(2273, 5, 25, 35, 7, 1635293934),
(2274, 9, 90, 50, 30, 1635293934),
(2275, 6, 56, 36, 8, 1635293934),
(2276, 6, 55, 36, 14, 1635293934),
(2277, 5, 32, 35, 9, 1635293934),
(2278, 9, 83, 40, 30, 1635293934),
(2279, 7, 52, 37, 18, 1635293934),
(2280, 7, 50, 37, 17, 1635293934),
(2281, 11, 78, 58, 13, 1635293934),
(2282, 12, 95, 54, 16, 1635293934),
(2283, 5, 23, 35, 7, 1635293934),
(2284, 6, 54, 39, 8, 1635293934),
(2285, 8, 75, 39, 11, 1635293934),
(2286, 11, 79, 46, 15, 1635293934),
(2287, 5, 38, 38, 24, 1635293934),
(2288, 6, 55, 36, 14, 1635293934),
(2289, 5, 32, 35, 9, 1635293934),
(2290, 11, 80, 52, 15, 1635293934),
(2291, 6, 57, 53, 25, 1635293934),
(2292, 11, 82, 46, 7, 1635293934),
(2293, 5, 43, 35, 7, 1635293934),
(2294, 11, 81, 50, 15, 1635293934),
(2295, 9, 85, 51, 30, 1635293934),
(2296, 6, 55, 36, 14, 1635293934),
(2297, 5, 25, 35, 7, 1635293934),
(2298, 5, 24, 38, 7, 1635293934),
(2299, 7, 50, 37, 17, 1635293934),
(2300, 9, 85, 51, 30, 1635293934),
(2301, 7, 52, 37, 18, 1635293934),
(2302, 12, 93, 47, 16, 1635293934),
(2303, 6, 72, 39, 8, 1635293934),
(2304, 8, 76, 36, 11, 1635293934),
(2305, 5, 31, 48, 13, 1635293934),
(2306, 8, 75, 39, 11, 1635293934),
(2307, 7, 51, 49, 18, 1635293934),
(2308, 11, 80, 52, 15, 1635293934),
(2309, 5, 38, 38, 24, 1635293934),
(2310, 5, 42, 35, 7, 1635293934),
(2311, 5, 23, 35, 7, 1635293934),
(2312, 6, 53, 39, 14, 1635293934),
(2313, 5, 32, 35, 9, 1635293934),
(2314, 6, 56, 36, 8, 1635293934),
(2315, 5, 35, 35, 9, 1635380334),
(2316, 5, 42, 35, 7, 1635380334),
(2317, 12, 95, 54, 16, 1635380334),
(2318, 5, 28, 43, 13, 1635380334),
(2319, 5, 43, 35, 7, 1635380334),
(2320, 5, 29, 44, 13, 1635380334),
(2321, 7, 48, 36, 22, 1635380334),
(2322, 7, 50, 37, 17, 1635380334),
(2323, 6, 58, 53, 14, 1635380334),
(2324, 5, 40, 35, 24, 1635380334),
(2325, 5, 26, 35, 7, 1635380334),
(2326, 7, 50, 37, 17, 1635380334),
(2327, 8, 75, 39, 11, 1635380334),
(2328, 6, 53, 39, 14, 1635380334),
(2329, 9, 91, 61, 30, 1635380334),
(2330, 5, 25, 35, 7, 1635380334),
(2331, 12, 93, 47, 16, 1635380334),
(2332, 6, 53, 39, 14, 1635380334),
(2333, 9, 86, 51, 30, 1635380334),
(2334, 11, 81, 50, 15, 1635380334),
(2335, 11, 80, 52, 15, 1635380334),
(2336, 12, 93, 47, 16, 1635380334),
(2337, 8, 73, 39, 21, 1635380334),
(2338, 5, 43, 35, 7, 1635380334),
(2339, 6, 56, 36, 8, 1635380334),
(2340, 9, 86, 51, 30, 1635380334),
(2341, 11, 82, 46, 7, 1635380334),
(2342, 6, 56, 36, 8, 1635380334),
(2343, 6, 54, 39, 8, 1635380334),
(2344, 5, 29, 44, 13, 1635380334),
(2345, 9, 87, 51, 30, 1635380334),
(2346, 5, 38, 38, 24, 1635380334),
(2347, 11, 80, 52, 15, 1635380334),
(2348, 8, 74, 59, 11, 1635380334),
(2349, 5, 32, 35, 9, 1635380334),
(2350, 12, 98, 54, 16, 1635380334),
(2351, 5, 23, 35, 7, 1635380334),
(2352, 7, 51, 49, 18, 1635380334),
(2353, 11, 80, 52, 15, 1635380334),
(2354, 7, 50, 37, 17, 1635380334),
(2355, 9, 85, 51, 30, 1635380334),
(2356, 7, 51, 49, 18, 1635380334),
(2357, 6, 53, 39, 14, 1635380334),
(2358, 5, 38, 38, 24, 1635380334),
(2359, 7, 52, 37, 18, 1635380334),
(2360, 9, 90, 50, 30, 1635380334),
(2361, 5, 28, 43, 13, 1635380334),
(2362, 10, 63, 57, 30, 1635380334),
(2363, 5, 38, 38, 24, 1635380334),
(2364, 6, 53, 39, 14, 1635380334),
(2365, 6, 56, 36, 8, 1635380334),
(2366, 5, 42, 35, 7, 1635380334),
(2367, 12, 95, 54, 16, 1635380334),
(2368, 5, 41, 35, 7, 1635380334),
(2369, 8, 76, 36, 11, 1635380334),
(2370, 5, 37, 38, 9, 1635380334),
(2371, 5, 40, 35, 24, 1635380334),
(2372, 5, 46, 48, 26, 1635380334),
(2373, 6, 56, 36, 8, 1635380334),
(2374, 5, 36, 44, 7, 1635380334),
(2375, 7, 50, 37, 17, 1635466734),
(2376, 8, 76, 36, 11, 1635466734),
(2377, 5, 43, 35, 7, 1635466734),
(2378, 12, 96, 54, 20, 1635466734),
(2379, 5, 31, 48, 13, 1635466734),
(2380, 11, 81, 50, 15, 1635466734),
(2381, 9, 85, 51, 30, 1635466734),
(2382, 7, 52, 37, 18, 1635466734),
(2383, 5, 43, 35, 7, 1635466734),
(2384, 12, 95, 54, 16, 1635466734),
(2385, 6, 56, 36, 8, 1635466734),
(2386, 5, 44, 35, 9, 1635466734),
(2387, 6, 66, 41, 8, 1635466734),
(2388, 5, 36, 44, 7, 1635466734),
(2389, 8, 75, 39, 11, 1635466734),
(2390, 9, 86, 51, 30, 1635466734),
(2391, 5, 42, 35, 7, 1635466734),
(2392, 8, 75, 39, 11, 1635466734),
(2393, 5, 29, 44, 13, 1635466734),
(2394, 9, 84, 40, 30, 1635466734),
(2395, 5, 32, 35, 9, 1635466734),
(2396, 10, 62, 57, 30, 1635466734),
(2397, 5, 28, 43, 13, 1635466734),
(2398, 11, 78, 58, 13, 1635466734),
(2399, 9, 89, 50, 30, 1635466734),
(2400, 5, 40, 35, 24, 1635466734),
(2401, 9, 90, 50, 30, 1635466734),
(2402, 5, 25, 35, 7, 1635466734),
(2403, 5, 32, 35, 9, 1635466734),
(2404, 10, 62, 57, 30, 1635466734),
(2405, 7, 52, 37, 18, 1635466734),
(2406, 10, 64, 45, 30, 1635466734),
(2407, 5, 32, 35, 9, 1635466734),
(2408, 8, 73, 39, 21, 1635466734),
(2409, 9, 84, 40, 30, 1635466734),
(2410, 9, 90, 50, 30, 1635466734),
(2411, 9, 86, 51, 30, 1635466734),
(2412, 7, 50, 37, 17, 1635466734),
(2413, 5, 30, 35, 13, 1635466734),
(2414, 9, 89, 50, 30, 1635466734),
(2415, 12, 99, 54, 16, 1635466734),
(2416, 5, 42, 35, 7, 1635466734),
(2417, 5, 40, 35, 24, 1635466734),
(2418, 9, 84, 40, 30, 1635466734),
(2419, 8, 75, 39, 11, 1635466734),
(2420, 5, 23, 35, 7, 1635466734),
(2421, 5, 38, 38, 24, 1635466734),
(2422, 9, 85, 51, 30, 1635466734),
(2423, 5, 36, 44, 7, 1635466734),
(2424, 8, 75, 39, 11, 1635466734),
(2425, 5, 32, 35, 9, 1635466734),
(2426, 11, 81, 50, 15, 1635466734),
(2427, 9, 85, 51, 30, 1635466734),
(2428, 11, 80, 52, 15, 1635466734),
(2429, 5, 24, 38, 7, 1635466734),
(2430, 9, 88, 46, 30, 1635466734),
(2431, 5, 33, 35, 9, 1635466734),
(2432, 11, 82, 46, 7, 1635466734),
(2433, 12, 96, 54, 20, 1635466734),
(2434, 5, 24, 38, 7, 1635466734),
(2435, 9, 90, 50, 30, 1635466734),
(2436, 5, 43, 35, 7, 1635466734),
(2437, 12, 98, 54, 16, 1635466734),
(2438, 8, 77, 39, 11, 1635466734),
(2439, 10, 65, 38, 30, 1635466734),
(2440, 9, 88, 46, 30, 1635466734),
(2441, 9, 86, 51, 30, 1635466734),
(2442, 6, 56, 36, 8, 1635466734),
(2443, 7, 52, 37, 18, 1635466734),
(2444, 5, 27, 35, 13, 1635466734),
(2445, 5, 40, 35, 24, 1635466734),
(2446, 5, 24, 38, 7, 1635466734),
(2447, 9, 86, 51, 30, 1635466734),
(2448, 5, 28, 43, 13, 1635466734),
(2449, 9, 85, 51, 30, 1635466734),
(2450, 8, 75, 39, 11, 1635466734),
(2451, 9, 84, 40, 30, 1635553134),
(2452, 5, 37, 38, 9, 1635553134),
(2453, 5, 27, 35, 13, 1635553134),
(2454, 5, 25, 35, 7, 1635553134),
(2455, 5, 35, 35, 9, 1635553134),
(2456, 5, 26, 35, 7, 1635553134),
(2457, 6, 67, 41, 8, 1635553134),
(2458, 9, 83, 40, 30, 1635553134),
(2459, 5, 36, 44, 7, 1635553134),
(2460, 6, 56, 36, 8, 1635553134),
(2461, 5, 42, 35, 7, 1635553134),
(2462, 12, 96, 54, 20, 1635553134),
(2463, 11, 78, 58, 13, 1635553134),
(2464, 8, 76, 36, 11, 1635553134),
(2465, 8, 75, 39, 11, 1635553134),
(2466, 6, 58, 53, 14, 1635553134),
(2467, 5, 35, 35, 9, 1635553134),
(2468, 9, 86, 51, 30, 1635553134),
(2469, 5, 30, 35, 13, 1635553134),
(2470, 6, 58, 53, 14, 1635553134),
(2471, 7, 48, 36, 22, 1635553134),
(2472, 5, 24, 38, 7, 1635553134),
(2473, 5, 37, 38, 9, 1635553134),
(2474, 6, 55, 36, 14, 1635553134),
(2475, 9, 88, 46, 30, 1635553134),
(2476, 6, 56, 36, 8, 1635553134),
(2477, 5, 28, 43, 13, 1635553134),
(2478, 11, 81, 50, 15, 1635553134),
(2479, 9, 84, 40, 30, 1635553134),
(2480, 11, 81, 50, 15, 1635553134),
(2481, 9, 85, 51, 30, 1635553134),
(2482, 5, 32, 35, 9, 1635553134),
(2483, 10, 64, 45, 30, 1635553134),
(2484, 7, 48, 36, 22, 1635553134),
(2485, 12, 98, 54, 16, 1635553134),
(2486, 6, 53, 39, 14, 1635553134),
(2487, 10, 63, 57, 30, 1635553134),
(2488, 5, 26, 35, 7, 1635553134),
(2489, 7, 51, 49, 18, 1635553134),
(2490, 5, 43, 35, 7, 1635553134),
(2491, 11, 78, 58, 13, 1635553134),
(2492, 13, 47, 43, 19, 1635553134),
(2493, 5, 40, 35, 24, 1635553134),
(2494, 5, 29, 44, 13, 1635553134),
(2495, 8, 77, 39, 11, 1635553134),
(2496, 5, 31, 48, 13, 1635553134),
(2497, 9, 90, 50, 30, 1635553134),
(2498, 6, 66, 41, 8, 1635553134),
(2499, 9, 88, 46, 30, 1635553134),
(2500, 9, 89, 50, 30, 1635553134),
(2501, 11, 80, 52, 15, 1635553134),
(2502, 12, 98, 54, 16, 1635553134),
(2503, 5, 38, 38, 24, 1635553134),
(2504, 5, 29, 44, 13, 1635553134),
(2505, 5, 45, 35, 28, 1635553134),
(2506, 8, 75, 39, 11, 1635553134),
(2507, 5, 37, 38, 9, 1635553134),
(2508, 5, 35, 35, 9, 1635553134),
(2509, 6, 56, 36, 8, 1635553134),
(2510, 5, 40, 35, 24, 1635553134),
(2511, 6, 57, 53, 25, 1635553134),
(2512, 7, 52, 37, 18, 1635553134),
(2513, 5, 42, 35, 7, 1635553134),
(2514, 5, 28, 43, 13, 1635553134),
(2515, 10, 63, 57, 30, 1635553134),
(2516, 9, 90, 50, 30, 1635553134),
(2517, 9, 84, 40, 30, 1635553134),
(2518, 7, 51, 49, 18, 1635553134),
(2519, 5, 24, 38, 7, 1635553134),
(2520, 8, 75, 39, 11, 1635553134),
(2521, 7, 52, 37, 18, 1635553134),
(2522, 9, 86, 51, 30, 1635553134),
(2523, 8, 77, 39, 11, 1635553134),
(2524, 6, 67, 41, 8, 1635553134),
(2525, 5, 29, 44, 13, 1635553134),
(2526, 5, 40, 35, 24, 1635553134),
(2527, 5, 26, 35, 7, 1635553134),
(2528, 6, 67, 41, 8, 1635553134),
(2529, 6, 56, 36, 8, 1635553134),
(2530, 6, 72, 39, 8, 1635553134),
(2531, 5, 29, 44, 13, 1635553134),
(2532, 6, 56, 36, 8, 1635553134),
(2533, 5, 25, 35, 7, 1635553134),
(2534, 5, 29, 44, 13, 1635639534),
(2535, 10, 64, 45, 30, 1635639534),
(2536, 11, 82, 46, 7, 1635639534),
(2537, 12, 95, 54, 16, 1635639534),
(2538, 5, 32, 35, 9, 1635639534),
(2539, 5, 32, 35, 9, 1635639534),
(2540, 10, 63, 57, 30, 1635639534),
(2541, 9, 84, 40, 30, 1635639534),
(2542, 6, 56, 36, 8, 1635639534),
(2543, 10, 63, 57, 30, 1635639534),
(2544, 5, 27, 35, 13, 1635639534),
(2545, 8, 77, 39, 11, 1635639534),
(2546, 5, 31, 48, 13, 1635639534),
(2547, 8, 73, 39, 21, 1635639534),
(2548, 9, 88, 46, 30, 1635639534),
(2549, 6, 53, 39, 14, 1635639534),
(2550, 11, 79, 46, 15, 1635639534),
(2551, 5, 43, 35, 7, 1635639534),
(2552, 5, 28, 43, 13, 1635639534),
(2553, 5, 28, 43, 13, 1635639534),
(2554, 5, 34, 35, 9, 1635639534),
(2555, 7, 49, 36, 22, 1635639534),
(2556, 6, 68, 56, 31, 1635639534),
(2557, 6, 56, 36, 8, 1635639534),
(2558, 5, 43, 35, 7, 1635639534),
(2559, 7, 52, 37, 18, 1635639534),
(2560, 5, 38, 38, 24, 1635639534),
(2561, 6, 53, 39, 14, 1635639534),
(2562, 6, 67, 41, 8, 1635639534),
(2563, 6, 54, 39, 8, 1635639534),
(2564, 11, 79, 46, 15, 1635639534),
(2565, 5, 26, 35, 7, 1635639534),
(2566, 7, 50, 37, 17, 1635639534),
(2567, 8, 76, 36, 11, 1635639534),
(2568, 12, 94, 47, 33, 1635639534),
(2569, 5, 35, 35, 9, 1635639534),
(2570, 9, 84, 40, 30, 1635639534),
(2571, 11, 80, 52, 15, 1635639534),
(2572, 8, 77, 39, 11, 1635639534),
(2573, 5, 42, 35, 7, 1635639534),
(2574, 5, 25, 35, 7, 1635639534),
(2575, 6, 54, 39, 8, 1635639534),
(2576, 9, 86, 51, 30, 1635639534),
(2577, 5, 40, 35, 24, 1635639534),
(2578, 10, 62, 57, 30, 1635639534),
(2579, 9, 91, 61, 30, 1635639534),
(2580, 12, 93, 47, 16, 1635639534),
(2581, 6, 57, 53, 25, 1635639534),
(2582, 6, 70, 39, 8, 1635639534),
(2583, 5, 27, 35, 13, 1635639534),
(2584, 5, 37, 38, 9, 1635639534),
(2585, 5, 36, 44, 7, 1635639534),
(2586, 8, 75, 39, 11, 1635639534),
(2587, 6, 56, 36, 8, 1635639534),
(2588, 11, 81, 50, 15, 1635639534),
(2589, 9, 85, 51, 30, 1635639534),
(2590, 8, 74, 59, 11, 1635639534),
(2591, 11, 81, 50, 15, 1635639534),
(2592, 9, 85, 51, 30, 1635639534),
(2593, 5, 32, 35, 9, 1635639534),
(2594, 5, 46, 48, 26, 1635639534),
(2595, 11, 78, 58, 13, 1635639534),
(2596, 5, 38, 38, 24, 1635639534),
(2597, 6, 72, 39, 8, 1635639534),
(2598, 6, 66, 41, 8, 1635639534),
(2599, 5, 40, 35, 24, 1635639534),
(2600, 9, 86, 51, 30, 1635639534),
(2601, 6, 54, 39, 8, 1635639534),
(2602, 5, 43, 35, 7, 1635639534),
(2603, 5, 44, 35, 9, 1635639534),
(2604, 5, 38, 38, 24, 1635639534),
(2605, 9, 84, 40, 30, 1635639534),
(2606, 7, 49, 36, 22, 1635639534),
(2607, 6, 68, 56, 31, 1635639534),
(2608, 6, 53, 39, 14, 1635639534),
(2609, 5, 45, 35, 28, 1635639534),
(2610, 11, 80, 52, 15, 1635639534),
(2611, 12, 93, 47, 16, 1635639534),
(2612, 5, 25, 35, 7, 1635639534),
(2613, 5, 28, 43, 13, 1635639534),
(2614, 10, 63, 57, 30, 1635639534),
(2615, 10, 63, 57, 30, 1635639534),
(2616, 11, 78, 58, 13, 1635639534),
(2617, 5, 32, 35, 9, 1635639534),
(2618, 12, 95, 54, 16, 1635639534),
(2619, 6, 56, 36, 8, 1635639534),
(2620, 10, 63, 57, 30, 1635639534),
(2621, 7, 51, 49, 18, 1635725934),
(2622, 5, 25, 35, 7, 1635725934),
(2623, 10, 62, 57, 30, 1635725934),
(2624, 9, 84, 40, 30, 1635725934),
(2625, 5, 24, 38, 7, 1635725934),
(2626, 6, 72, 39, 8, 1635725934),
(2627, 6, 56, 36, 8, 1635725934),
(2628, 10, 64, 45, 30, 1635725934),
(2629, 6, 57, 53, 25, 1635725934),
(2630, 9, 90, 50, 30, 1635725934),
(2631, 5, 32, 35, 9, 1635725934),
(2632, 8, 76, 36, 11, 1635725934),
(2633, 5, 23, 35, 7, 1635725934),
(2634, 9, 88, 46, 30, 1635725934),
(2635, 5, 36, 44, 7, 1635725934),
(2636, 9, 84, 40, 30, 1635725934),
(2637, 5, 38, 38, 24, 1635725934),
(2638, 6, 58, 53, 14, 1635725934),
(2639, 13, 47, 43, 19, 1635725934),
(2640, 9, 90, 50, 30, 1635725934),
(2641, 5, 43, 35, 7, 1635725934),
(2642, 8, 75, 39, 11, 1635725934),
(2643, 5, 36, 44, 7, 1635725934),
(2644, 8, 75, 39, 11, 1635725934),
(2645, 11, 78, 58, 13, 1635725934),
(2646, 5, 29, 44, 13, 1635725934),
(2647, 6, 56, 36, 8, 1635725934),
(2648, 5, 40, 35, 24, 1635725934),
(2649, 7, 50, 37, 17, 1635725934),
(2650, 8, 75, 39, 11, 1635725934),
(2651, 5, 24, 38, 7, 1635725934),
(2652, 12, 95, 54, 16, 1635725934),
(2653, 12, 95, 54, 16, 1635725934),
(2654, 9, 86, 51, 30, 1635725934),
(2655, 6, 55, 36, 14, 1635725934),
(2656, 9, 85, 51, 30, 1635725934),
(2657, 6, 70, 39, 8, 1635725934),
(2658, 8, 75, 39, 11, 1635725934),
(2659, 5, 32, 35, 9, 1635725934),
(2660, 7, 48, 36, 22, 1635725934),
(2661, 11, 80, 52, 15, 1635725934),
(2662, 7, 52, 37, 18, 1635725934),
(2663, 8, 75, 39, 11, 1635725934),
(2664, 6, 56, 36, 8, 1635725934),
(2665, 5, 32, 35, 9, 1635725934),
(2666, 11, 79, 46, 15, 1635725934),
(2667, 5, 40, 35, 24, 1635725934),
(2668, 5, 43, 35, 7, 1635725934),
(2669, 9, 90, 50, 30, 1635725934),
(2670, 5, 28, 43, 13, 1635725934),
(2671, 9, 91, 61, 30, 1635725934),
(2672, 9, 85, 51, 30, 1635725934),
(2673, 5, 30, 35, 13, 1635725934),
(2674, 6, 56, 36, 8, 1635725934),
(2675, 9, 85, 51, 30, 1635725934),
(2676, 5, 23, 35, 7, 1635725934),
(2677, 5, 37, 38, 9, 1635725934),
(2678, 7, 50, 37, 17, 1635725934),
(2679, 5, 40, 35, 24, 1635725934),
(2680, 7, 52, 37, 18, 1635725934),
(2681, 5, 38, 38, 24, 1635725934),
(2682, 5, 25, 35, 7, 1635725934),
(2683, 12, 98, 54, 16, 1635725934),
(2684, 5, 35, 35, 9, 1635725934),
(2685, 8, 75, 39, 11, 1635725934),
(2686, 5, 38, 38, 24, 1635725934),
(2687, 10, 60, 55, 30, 1635725934),
(2688, 5, 44, 35, 9, 1635725934),
(2689, 5, 27, 35, 13, 1635812334),
(2690, 5, 25, 35, 7, 1635812334),
(2691, 12, 95, 54, 16, 1635812334),
(2692, 9, 85, 51, 30, 1635812334),
(2693, 5, 32, 35, 9, 1635812334),
(2694, 10, 62, 57, 30, 1635812334),
(2695, 5, 37, 38, 9, 1635812334),
(2696, 6, 56, 36, 8, 1635812334),
(2697, 11, 78, 58, 13, 1635812334),
(2698, 5, 43, 35, 7, 1635812334),
(2699, 9, 90, 50, 30, 1635812334),
(2700, 8, 73, 39, 21, 1635812334),
(2701, 9, 84, 40, 30, 1635812334),
(2702, 5, 34, 35, 9, 1635812334),
(2703, 7, 49, 36, 22, 1635812334),
(2704, 6, 68, 56, 31, 1635812334),
(2705, 6, 53, 39, 14, 1635812334),
(2706, 9, 90, 50, 30, 1635812334),
(2707, 5, 34, 35, 9, 1635812334),
(2708, 5, 38, 38, 24, 1635812334),
(2709, 9, 90, 50, 30, 1635812334),
(2710, 7, 50, 37, 17, 1635812334),
(2711, 12, 98, 54, 16, 1635812334),
(2712, 5, 31, 48, 13, 1635812334),
(2713, 12, 93, 47, 16, 1635812334),
(2714, 11, 81, 50, 15, 1635812334),
(2715, 11, 81, 50, 15, 1635812334),
(2716, 9, 85, 51, 30, 1635812334),
(2717, 6, 56, 36, 8, 1635812334),
(2718, 11, 80, 52, 15, 1635812334),
(2719, 9, 85, 51, 30, 1635812334),
(2720, 5, 43, 35, 7, 1635812334),
(2721, 6, 54, 39, 8, 1635812334),
(2722, 6, 71, 42, 12, 1635812334),
(2723, 6, 66, 41, 8, 1635812334),
(2724, 7, 50, 37, 17, 1635812334),
(2725, 5, 25, 35, 7, 1635812334),
(2726, 9, 86, 51, 30, 1635812334),
(2727, 5, 42, 35, 7, 1635812334),
(2728, 8, 76, 36, 11, 1635812334),
(2729, 5, 31, 48, 13, 1635812334),
(2730, 5, 32, 35, 9, 1635812334),
(2731, 10, 64, 45, 30, 1635812334),
(2732, 6, 54, 39, 8, 1635812334),
(2733, 5, 40, 35, 24, 1635812334),
(2734, 7, 50, 37, 17, 1635812334),
(2735, 6, 67, 41, 8, 1635812334),
(2736, 5, 33, 35, 9, 1635812334),
(2737, 10, 61, 55, 30, 1635812334),
(2738, 10, 61, 55, 30, 1635812334),
(2739, 6, 56, 36, 8, 1635812334),
(2740, 11, 78, 58, 13, 1635812334),
(2741, 12, 96, 54, 20, 1635812334),
(2742, 5, 29, 44, 13, 1635812334),
(2743, 10, 62, 57, 30, 1635812334),
(2744, 5, 45, 35, 28, 1635812334),
(2745, 5, 25, 35, 7, 1635812334),
(2746, 10, 63, 57, 30, 1635812334),
(2747, 5, 40, 35, 24, 1635812334),
(2748, 5, 37, 38, 9, 1635812334),
(2749, 6, 57, 53, 25, 1635812334),
(2750, 8, 75, 39, 11, 1635812334),
(2751, 6, 67, 41, 8, 1635812334),
(2752, 5, 37, 38, 9, 1635812334),
(2753, 5, 26, 35, 7, 1635812334),
(2754, 5, 44, 35, 9, 1635812334),
(2755, 12, 95, 54, 16, 1635812334),
(2756, 5, 36, 44, 7, 1635812334),
(2757, 8, 75, 39, 11, 1635812334),
(2758, 6, 56, 36, 8, 1635812334),
(2759, 11, 80, 52, 15, 1635812334),
(2760, 9, 90, 50, 30, 1635812334),
(2761, 8, 75, 39, 11, 1635812334),
(2762, 8, 76, 36, 11, 1635812334),
(2763, 5, 29, 44, 13, 1635812334),
(2764, 7, 52, 37, 18, 1635812334),
(2765, 5, 38, 38, 24, 1635812334),
(2766, 5, 40, 35, 24, 1635812334),
(2767, 5, 23, 35, 7, 1635898734),
(2768, 11, 80, 52, 15, 1635898734),
(2769, 5, 32, 35, 9, 1635898734),
(2770, 6, 57, 53, 25, 1635898734),
(2771, 6, 70, 39, 8, 1635898734),
(2772, 12, 94, 47, 33, 1635898734),
(2773, 11, 80, 52, 15, 1635898734),
(2774, 5, 23, 35, 7, 1635898734),
(2775, 5, 43, 35, 7, 1635898734),
(2776, 6, 70, 39, 8, 1635898734),
(2777, 6, 56, 36, 8, 1635898734),
(2778, 5, 25, 35, 7, 1635898734),
(2779, 5, 30, 35, 13, 1635898734),
(2780, 9, 84, 40, 30, 1635898734),
(2781, 9, 88, 46, 30, 1635898734),
(2782, 12, 93, 47, 16, 1635898734),
(2783, 11, 80, 52, 15, 1635898734),
(2784, 5, 25, 35, 7, 1635898734),
(2785, 9, 85, 51, 30, 1635898734),
(2786, 8, 76, 36, 11, 1635898734),
(2787, 5, 31, 48, 13, 1635898734),
(2788, 9, 84, 40, 30, 1635898734),
(2789, 5, 43, 35, 7, 1635898734),
(2790, 12, 95, 54, 16, 1635898734),
(2791, 7, 52, 37, 18, 1635898734),
(2792, 5, 38, 38, 24, 1635898734),
(2793, 5, 40, 35, 24, 1635898734),
(2794, 5, 37, 38, 9, 1635898734),
(2795, 9, 86, 51, 30, 1635898734),
(2796, 9, 90, 50, 30, 1635898734),
(2797, 9, 90, 50, 30, 1635898734),
(2798, 5, 38, 38, 24, 1635898734),
(2799, 7, 48, 36, 22, 1635898734),
(2800, 6, 53, 39, 14, 1635898734),
(2801, 12, 96, 54, 20, 1635898734),
(2802, 9, 91, 61, 30, 1635898734),
(2803, 5, 28, 43, 13, 1635898734),
(2804, 8, 76, 36, 11, 1635898734),
(2805, 6, 56, 36, 8, 1635898734),
(2806, 11, 81, 50, 15, 1635898734),
(2807, 8, 77, 39, 11, 1635898734),
(2808, 12, 95, 54, 16, 1635898734),
(2809, 11, 81, 50, 15, 1635898734),
(2810, 11, 79, 46, 15, 1635898734),
(2811, 5, 33, 35, 9, 1635898734),
(2812, 5, 43, 35, 7, 1635898734),
(2813, 6, 54, 39, 8, 1635898734),
(2814, 5, 28, 43, 13, 1635898734),
(2815, 5, 35, 35, 9, 1635898734),
(2816, 11, 82, 46, 7, 1635898734),
(2817, 12, 94, 47, 33, 1635898734),
(2818, 5, 38, 38, 24, 1635898734),
(2819, 6, 54, 39, 8, 1635898734),
(2820, 5, 30, 35, 13, 1635898734),
(2821, 5, 23, 35, 7, 1635898734),
(2822, 10, 64, 45, 30, 1635898734),
(2823, 12, 96, 54, 20, 1635898734),
(2824, 6, 56, 36, 8, 1635898734),
(2825, 5, 28, 43, 13, 1635898734),
(2826, 5, 25, 35, 7, 1635898734),
(2827, 6, 69, 56, 32, 1635898734),
(2828, 9, 86, 51, 30, 1635898734),
(2829, 6, 66, 41, 8, 1635898734),
(2830, 7, 52, 37, 18, 1635898734),
(2831, 7, 51, 49, 18, 1635898734),
(2832, 6, 54, 39, 8, 1635898734),
(2833, 5, 29, 44, 13, 1635898734),
(2834, 8, 75, 39, 11, 1635898734),
(2835, 9, 89, 50, 30, 1635898734),
(2836, 11, 78, 58, 13, 1635898734),
(2837, 8, 77, 39, 11, 1635898734),
(2838, 11, 78, 58, 13, 1635898734),
(2839, 5, 30, 35, 13, 1635898734),
(2840, 6, 55, 36, 14, 1635898734),
(2841, 12, 95, 54, 16, 1635898734),
(2842, 5, 46, 48, 26, 1635898734),
(2843, 8, 76, 36, 11, 1635898734),
(2844, 5, 29, 44, 13, 1635898734),
(2845, 10, 63, 57, 30, 1635898734),
(2846, 5, 23, 35, 7, 1635898734),
(2847, 10, 63, 57, 30, 1635898734),
(2848, 5, 32, 35, 9, 1635898734),
(2849, 11, 80, 52, 15, 1635898734),
(2850, 5, 42, 35, 7, 1635898734),
(2851, 10, 63, 57, 30, 1635985134),
(2852, 9, 90, 50, 30, 1635985134),
(2853, 5, 28, 43, 13, 1635985134),
(2854, 5, 40, 35, 24, 1635985134),
(2855, 7, 50, 37, 17, 1635985134),
(2856, 11, 82, 46, 7, 1635985134),
(2857, 10, 63, 57, 30, 1635985134),
(2858, 5, 27, 35, 13, 1635985134),
(2859, 12, 95, 54, 16, 1635985134),
(2860, 6, 56, 36, 8, 1635985134),
(2861, 11, 79, 46, 15, 1635985134),
(2862, 5, 25, 35, 7, 1635985134),
(2863, 10, 64, 45, 30, 1635985134),
(2864, 5, 34, 35, 9, 1635985134),
(2865, 5, 36, 44, 7, 1635985134),
(2866, 5, 37, 38, 9, 1635985134),
(2867, 9, 86, 51, 30, 1635985134),
(2868, 6, 57, 53, 25, 1635985134),
(2869, 7, 52, 37, 18, 1635985134),
(2870, 9, 86, 51, 30, 1635985134),
(2871, 9, 84, 40, 30, 1635985134),
(2872, 8, 76, 36, 11, 1635985134),
(2873, 5, 25, 35, 7, 1635985134),
(2874, 6, 72, 39, 8, 1635985134),
(2875, 9, 83, 40, 30, 1635985134),
(2876, 11, 78, 58, 13, 1635985134),
(2877, 7, 51, 49, 18, 1635985134),
(2878, 5, 44, 35, 9, 1635985134),
(2879, 5, 29, 44, 13, 1635985134),
(2880, 5, 31, 48, 13, 1635985134),
(2881, 8, 75, 39, 11, 1635985134),
(2882, 6, 67, 41, 8, 1635985134),
(2883, 7, 49, 36, 22, 1635985134),
(2884, 6, 68, 56, 31, 1635985134),
(2885, 12, 96, 54, 20, 1635985134),
(2886, 7, 50, 37, 17, 1635985134),
(2887, 8, 75, 39, 11, 1635985134),
(2888, 13, 47, 43, 19, 1635985134),
(2889, 5, 31, 48, 13, 1635985134),
(2890, 5, 31, 48, 13, 1635985134),
(2891, 5, 43, 35, 7, 1635985134),
(2892, 6, 54, 39, 8, 1635985134),
(2893, 5, 38, 38, 24, 1635985134),
(2894, 5, 45, 35, 28, 1635985134),
(2895, 5, 25, 35, 7, 1635985134),
(2896, 5, 45, 35, 28, 1635985134),
(2897, 11, 82, 46, 7, 1635985134),
(2898, 5, 40, 35, 24, 1635985134),
(2899, 5, 24, 38, 7, 1635985134),
(2900, 7, 52, 37, 18, 1635985134),
(2901, 6, 56, 36, 8, 1635985134),
(2902, 7, 52, 37, 18, 1636071534),
(2903, 5, 38, 38, 24, 1636071534),
(2904, 5, 27, 35, 13, 1636071534),
(2905, 9, 88, 46, 30, 1636071534),
(2906, 5, 33, 35, 9, 1636071534),
(2907, 8, 73, 39, 21, 1636071534),
(2908, 5, 37, 38, 9, 1636071534),
(2909, 11, 79, 46, 15, 1636071534),
(2910, 7, 50, 37, 17, 1636071534),
(2911, 5, 32, 35, 9, 1636071534),
(2912, 10, 62, 57, 30, 1636071534),
(2913, 5, 42, 35, 7, 1636071534),
(2914, 5, 28, 43, 13, 1636071534),
(2915, 10, 65, 38, 30, 1636071534),
(2916, 5, 26, 35, 7, 1636071534),
(2917, 7, 50, 37, 17, 1636071534),
(2918, 8, 75, 39, 11, 1636071534),
(2919, 11, 79, 46, 15, 1636071534),
(2920, 9, 86, 51, 30, 1636071534),
(2921, 9, 83, 40, 30, 1636071534),
(2922, 9, 88, 46, 30, 1636071534),
(2923, 5, 24, 38, 7, 1636071534),
(2924, 5, 23, 35, 7, 1636071534),
(2925, 6, 53, 39, 14, 1636071534),
(2926, 5, 37, 38, 9, 1636071534),
(2927, 6, 69, 56, 32, 1636071534),
(2928, 5, 25, 35, 7, 1636071534),
(2929, 5, 25, 35, 7, 1636071534),
(2930, 11, 81, 50, 15, 1636071534),
(2931, 5, 36, 44, 7, 1636071534),
(2932, 8, 75, 39, 11, 1636071534),
(2933, 6, 66, 41, 8, 1636071534),
(2934, 6, 67, 41, 8, 1636071534),
(2935, 5, 31, 48, 13, 1636071534),
(2936, 9, 86, 51, 30, 1636071534),
(2937, 6, 54, 39, 8, 1636071534),
(2938, 9, 83, 40, 30, 1636071534),
(2939, 9, 84, 40, 30, 1636071534),
(2940, 9, 88, 46, 30, 1636071534),
(2941, 6, 53, 39, 14, 1636071534),
(2942, 5, 40, 35, 24, 1636071534),
(2943, 5, 29, 44, 13, 1636071534),
(2944, 5, 32, 35, 9, 1636071534),
(2945, 5, 23, 35, 7, 1636071534),
(2946, 11, 78, 58, 13, 1636071534),
(2947, 5, 35, 35, 9, 1636071534),
(2948, 5, 32, 35, 9, 1636071534),
(2949, 5, 24, 38, 7, 1636071534),
(2950, 5, 32, 35, 9, 1636071534),
(2951, 5, 28, 43, 13, 1636071534),
(2952, 6, 57, 53, 25, 1636071534),
(2953, 7, 51, 49, 18, 1636071534),
(2954, 10, 60, 55, 30, 1636071534),
(2955, 5, 40, 35, 24, 1636071534),
(2956, 8, 75, 39, 11, 1636071534),
(2957, 6, 67, 41, 8, 1636071534),
(2958, 5, 23, 35, 7, 1636071534),
(2959, 5, 38, 38, 24, 1636071534),
(2960, 5, 32, 35, 9, 1636071534),
(2961, 5, 32, 35, 9, 1636071534),
(2962, 5, 25, 35, 7, 1636071534),
(2963, 6, 69, 56, 32, 1636071534),
(2964, 7, 51, 49, 18, 1636071534),
(2965, 5, 40, 35, 24, 1636071534),
(2966, 5, 28, 43, 13, 1636071534),
(2967, 12, 96, 54, 20, 1636071534),
(2968, 10, 63, 57, 30, 1636071534),
(2969, 9, 89, 50, 30, 1636071534),
(2970, 5, 29, 44, 13, 1636071534),
(2971, 11, 80, 52, 15, 1636071534),
(2972, 8, 75, 39, 11, 1636071534),
(2973, 6, 66, 41, 8, 1636071534),
(2974, 9, 89, 50, 30, 1636071534),
(2975, 5, 32, 35, 9, 1636071534),
(2976, 7, 51, 49, 18, 1636071534),
(2977, 11, 78, 58, 13, 1636071534),
(2978, 6, 67, 41, 8, 1636071534),
(2979, 5, 45, 35, 28, 1636071534),
(2980, 5, 43, 35, 7, 1636071534),
(2981, 10, 60, 55, 30, 1636071534),
(2982, 5, 42, 35, 7, 1636071534),
(2983, 5, 43, 35, 7, 1636071534),
(2984, 6, 54, 39, 8, 1636071534),
(2985, 7, 50, 37, 17, 1636071534),
(2986, 11, 79, 46, 15, 1636071534),
(2987, 5, 28, 43, 13, 1636071534),
(2988, 7, 52, 37, 18, 1636071534),
(2989, 5, 37, 38, 9, 1636071534),
(2990, 10, 63, 57, 30, 1636071534),
(2991, 10, 63, 57, 30, 1636071534),
(2992, 10, 63, 57, 30, 1636071534),
(2993, 9, 86, 51, 30, 1636071534),
(2994, 10, 62, 57, 30, 1636071534),
(2995, 5, 29, 44, 13, 1636071534),
(2996, 6, 56, 36, 8, 1636071534),
(2997, 11, 81, 50, 15, 1636071534),
(2998, 7, 51, 49, 18, 1636071534),
(2999, 5, 44, 35, 9, 1636071534),
(3000, 10, 62, 57, 30, 1636071534),
(3001, 11, 81, 50, 15, 1636071534),
(3002, 5, 32, 35, 9, 1636071534),
(3003, 6, 54, 39, 8, 1636071534),
(3004, 5, 30, 35, 13, 1636071534),
(3005, 9, 88, 46, 30, 1636157934),
(3006, 9, 83, 40, 30, 1636157934),
(3007, 7, 48, 36, 22, 1636157934),
(3008, 5, 42, 35, 7, 1636157934),
(3009, 5, 43, 35, 7, 1636157934),
(3010, 9, 85, 51, 30, 1636157934),
(3011, 8, 75, 39, 11, 1636157934),
(3012, 6, 66, 41, 8, 1636157934),
(3013, 5, 38, 38, 24, 1636157934),
(3014, 5, 41, 35, 7, 1636157934),
(3015, 7, 48, 36, 22, 1636157934),
(3016, 5, 25, 35, 7, 1636157934),
(3017, 6, 59, 53, 23, 1636157934),
(3018, 12, 92, 47, 16, 1636157934),
(3019, 6, 57, 53, 25, 1636157934),
(3020, 5, 28, 43, 13, 1636157934),
(3021, 5, 24, 38, 7, 1636157934),
(3022, 6, 53, 39, 14, 1636157934),
(3023, 8, 75, 39, 11, 1636157934),
(3024, 5, 30, 35, 13, 1636157934),
(3025, 10, 62, 57, 30, 1636157934),
(3026, 5, 28, 43, 13, 1636157934),
(3027, 6, 58, 53, 14, 1636157934),
(3028, 7, 52, 37, 18, 1636157934),
(3029, 6, 56, 36, 8, 1636157934),
(3030, 6, 56, 36, 8, 1636157934),
(3031, 11, 78, 58, 13, 1636157934),
(3032, 5, 23, 35, 7, 1636157934),
(3033, 6, 55, 36, 14, 1636157934),
(3034, 7, 50, 37, 17, 1636157934),
(3035, 6, 55, 36, 14, 1636157934),
(3036, 5, 25, 35, 7, 1636157934),
(3037, 5, 37, 38, 9, 1636157934),
(3038, 11, 79, 46, 15, 1636157934),
(3039, 9, 83, 40, 30, 1636157934),
(3040, 10, 60, 55, 30, 1636157934),
(3041, 12, 98, 54, 16, 1636157934),
(3042, 12, 94, 47, 33, 1636157934),
(3043, 6, 59, 53, 23, 1636157934),
(3044, 6, 72, 39, 8, 1636157934),
(3045, 7, 49, 36, 22, 1636157934),
(3046, 7, 50, 37, 17, 1636157934),
(3047, 5, 25, 35, 7, 1636157934),
(3048, 5, 30, 35, 13, 1636157934),
(3049, 5, 37, 38, 9, 1636157934),
(3050, 5, 43, 35, 7, 1636157934),
(3051, 8, 76, 36, 11, 1636157934),
(3052, 11, 82, 46, 7, 1636157934),
(3053, 5, 32, 35, 9, 1636157934),
(3054, 7, 52, 37, 18, 1636157934),
(3055, 5, 38, 38, 24, 1636157934),
(3056, 9, 86, 51, 30, 1636157934),
(3057, 5, 45, 35, 28, 1636157934),
(3058, 5, 27, 35, 13, 1636157934),
(3059, 5, 44, 35, 9, 1636157934),
(3060, 12, 93, 47, 16, 1636157934),
(3061, 9, 88, 46, 30, 1636157934),
(3062, 6, 56, 36, 8, 1636157934),
(3063, 11, 80, 52, 15, 1636157934),
(3064, 6, 54, 39, 8, 1636157934),
(3065, 5, 28, 43, 13, 1636157934),
(3066, 5, 38, 38, 24, 1636157934),
(3067, 9, 89, 50, 30, 1636157934),
(3068, 10, 63, 57, 30, 1636157934),
(3069, 5, 34, 35, 9, 1636157934),
(3070, 11, 79, 46, 15, 1636157934),
(3071, 5, 38, 38, 24, 1636157934),
(3072, 5, 43, 35, 7, 1636157934),
(3073, 7, 52, 37, 18, 1636157934);
INSERT INTO `penjualan` (`id`, `kategoriId`, `produkId`, `merkId`, `sizeId`, `tgl_penjualan`) VALUES
(3074, 5, 23, 35, 7, 1636157934),
(3075, 5, 35, 35, 9, 1636157934),
(3076, 11, 81, 50, 15, 1636157934),
(3077, 8, 76, 36, 11, 1636157934),
(3078, 6, 56, 36, 8, 1636157934),
(3079, 5, 35, 35, 9, 1636157934),
(3080, 6, 66, 41, 8, 1636157934),
(3081, 5, 38, 38, 24, 1636157934),
(3082, 5, 31, 48, 13, 1636157934),
(3083, 5, 25, 35, 7, 1636157934),
(3084, 9, 90, 50, 30, 1636157934),
(3085, 9, 83, 40, 30, 1636244334),
(3086, 5, 43, 35, 7, 1636244334),
(3087, 10, 63, 57, 30, 1636244334),
(3088, 7, 50, 37, 17, 1636244334),
(3089, 6, 56, 36, 8, 1636244334),
(3090, 11, 80, 52, 15, 1636244334),
(3091, 5, 24, 38, 7, 1636244334),
(3092, 6, 59, 53, 23, 1636244334),
(3093, 6, 56, 36, 8, 1636244334),
(3094, 6, 67, 41, 8, 1636244334),
(3095, 5, 43, 35, 7, 1636244334),
(3096, 5, 43, 35, 7, 1636244334),
(3097, 6, 54, 39, 8, 1636244334),
(3098, 5, 37, 38, 9, 1636244334),
(3099, 11, 78, 58, 13, 1636244334),
(3100, 12, 95, 54, 16, 1636244334),
(3101, 7, 50, 37, 17, 1636244334),
(3102, 5, 45, 35, 28, 1636244334),
(3103, 11, 82, 46, 7, 1636244334),
(3104, 5, 32, 35, 9, 1636244334),
(3105, 10, 62, 57, 30, 1636244334),
(3106, 5, 38, 38, 24, 1636244334),
(3107, 12, 98, 54, 16, 1636244334),
(3108, 6, 56, 36, 8, 1636244334),
(3109, 9, 87, 51, 30, 1636244334),
(3110, 5, 36, 44, 7, 1636244334),
(3111, 8, 75, 39, 11, 1636244334),
(3112, 12, 99, 54, 16, 1636244334),
(3113, 9, 90, 50, 30, 1636244334),
(3114, 7, 51, 49, 18, 1636244334),
(3115, 5, 28, 43, 13, 1636244334),
(3116, 6, 59, 53, 23, 1636244334),
(3117, 6, 57, 53, 25, 1636244334),
(3118, 8, 73, 39, 21, 1636244334),
(3119, 11, 82, 46, 7, 1636244334),
(3120, 6, 58, 53, 14, 1636244334),
(3121, 5, 37, 38, 9, 1636244334),
(3122, 5, 38, 38, 24, 1636244334),
(3123, 12, 92, 47, 16, 1636244334),
(3124, 9, 85, 51, 30, 1636244334),
(3125, 9, 84, 40, 30, 1636244334),
(3126, 9, 84, 40, 30, 1636244334),
(3127, 5, 27, 35, 13, 1636244334),
(3128, 6, 56, 36, 8, 1636244334),
(3129, 6, 56, 36, 8, 1636244334),
(3130, 5, 32, 35, 9, 1636244334),
(3131, 7, 50, 37, 17, 1636244334),
(3132, 5, 29, 44, 13, 1636244334),
(3133, 10, 64, 45, 30, 1636244334),
(3134, 5, 43, 35, 7, 1636244334),
(3135, 9, 85, 51, 30, 1636244334),
(3136, 5, 41, 35, 7, 1636244334),
(3137, 6, 56, 36, 8, 1636244334),
(3138, 8, 75, 39, 11, 1636244334),
(3139, 6, 67, 41, 8, 1636244334),
(3140, 9, 86, 51, 30, 1636244334),
(3141, 5, 41, 35, 7, 1636244334),
(3142, 6, 55, 36, 14, 1636244334),
(3143, 11, 82, 46, 7, 1636244334),
(3144, 6, 54, 39, 8, 1636244334),
(3145, 9, 84, 40, 30, 1636244334),
(3146, 6, 56, 36, 8, 1636244334),
(3147, 9, 87, 51, 30, 1636244334),
(3148, 10, 64, 45, 30, 1636244334),
(3149, 13, 47, 43, 19, 1636244334),
(3150, 12, 96, 54, 20, 1636244334),
(3151, 7, 52, 37, 18, 1636244334),
(3152, 12, 92, 47, 16, 1636244334),
(3153, 10, 61, 55, 30, 1636244334),
(3154, 5, 27, 35, 13, 1636244334),
(3155, 11, 80, 52, 15, 1636244334),
(3156, 6, 56, 36, 8, 1636244334),
(3157, 5, 36, 44, 7, 1636244334),
(3158, 5, 32, 35, 9, 1636244334),
(3159, 9, 87, 51, 30, 1636244334),
(3160, 12, 95, 54, 16, 1636244334),
(3161, 6, 69, 56, 32, 1636330734),
(3162, 5, 24, 38, 7, 1636330734),
(3163, 6, 54, 39, 8, 1636330734),
(3164, 5, 43, 35, 7, 1636330734),
(3165, 9, 86, 51, 30, 1636330734),
(3166, 6, 54, 39, 8, 1636330734),
(3167, 6, 71, 42, 12, 1636330734),
(3168, 8, 75, 39, 11, 1636330734),
(3169, 8, 75, 39, 11, 1636330734),
(3170, 6, 53, 39, 14, 1636330734),
(3171, 6, 59, 53, 23, 1636330734),
(3172, 5, 37, 38, 9, 1636330734),
(3173, 8, 75, 39, 11, 1636330734),
(3174, 6, 70, 39, 8, 1636330734),
(3175, 5, 28, 43, 13, 1636330734),
(3176, 6, 56, 36, 8, 1636330734),
(3177, 6, 56, 36, 8, 1636330734),
(3178, 6, 66, 41, 8, 1636330734),
(3179, 5, 37, 38, 9, 1636330734),
(3180, 6, 56, 36, 8, 1636330734),
(3181, 5, 23, 35, 7, 1636330734),
(3182, 10, 64, 45, 30, 1636330734),
(3183, 6, 67, 41, 8, 1636330734),
(3184, 6, 67, 41, 8, 1636330734),
(3185, 11, 79, 46, 15, 1636330734),
(3186, 6, 67, 41, 8, 1636330734),
(3187, 5, 36, 44, 7, 1636330734),
(3188, 8, 75, 39, 11, 1636330734),
(3189, 5, 30, 35, 13, 1636330734),
(3190, 5, 26, 35, 7, 1636330734),
(3191, 9, 88, 46, 30, 1636330734),
(3192, 5, 29, 44, 13, 1636330734),
(3193, 5, 45, 35, 28, 1636330734),
(3194, 9, 89, 50, 30, 1636330734),
(3195, 6, 56, 36, 8, 1636330734),
(3196, 11, 78, 58, 13, 1636330734),
(3197, 8, 77, 39, 11, 1636330734),
(3198, 5, 37, 38, 9, 1636330734),
(3199, 10, 62, 57, 30, 1636330734),
(3200, 7, 51, 49, 18, 1636330734),
(3201, 5, 44, 35, 9, 1636330734),
(3202, 8, 76, 36, 11, 1636330734),
(3203, 5, 43, 35, 7, 1636330734),
(3204, 9, 90, 50, 30, 1636330734),
(3205, 8, 75, 39, 11, 1636330734),
(3206, 5, 32, 35, 9, 1636330734),
(3207, 6, 66, 41, 8, 1636330734),
(3208, 5, 23, 35, 7, 1636330734),
(3209, 12, 93, 47, 16, 1636330734),
(3210, 7, 52, 37, 18, 1636330734),
(3211, 5, 38, 38, 24, 1636330734),
(3212, 9, 89, 50, 30, 1636330734),
(3213, 8, 73, 39, 21, 1636330734),
(3214, 9, 90, 50, 30, 1636330734),
(3215, 8, 75, 39, 11, 1636330734),
(3216, 6, 56, 36, 8, 1636330734),
(3217, 5, 31, 48, 13, 1636330734),
(3218, 6, 58, 53, 14, 1636330734),
(3219, 5, 35, 35, 9, 1636330734),
(3220, 8, 75, 39, 11, 1636330734),
(3221, 11, 80, 52, 15, 1636330734),
(3222, 5, 43, 35, 7, 1636330734),
(3223, 9, 90, 50, 30, 1636330734),
(3224, 5, 24, 38, 7, 1636330734),
(3225, 5, 36, 44, 7, 1636330734),
(3226, 12, 94, 47, 33, 1636330734),
(3227, 9, 84, 40, 30, 1636330734),
(3228, 5, 43, 35, 7, 1636330734),
(3229, 5, 23, 35, 7, 1636330734),
(3230, 5, 25, 35, 7, 1636330734),
(3231, 6, 54, 39, 8, 1636330734),
(3232, 6, 66, 41, 8, 1636330734),
(3233, 5, 45, 35, 28, 1636330734),
(3234, 6, 56, 36, 8, 1636330734),
(3235, 9, 90, 50, 30, 1636330734),
(3236, 5, 43, 35, 7, 1636330734),
(3237, 5, 38, 38, 24, 1636330734),
(3238, 12, 98, 54, 16, 1636330734),
(3239, 9, 86, 51, 30, 1636330734),
(3240, 7, 48, 36, 22, 1636330734),
(3241, 8, 75, 39, 11, 1636330734),
(3242, 5, 38, 38, 24, 1636330734),
(3243, 6, 55, 36, 14, 1636330734),
(3244, 5, 41, 35, 7, 1636330734),
(3245, 5, 26, 35, 7, 1636417134),
(3246, 7, 50, 37, 17, 1636417134),
(3247, 7, 50, 37, 17, 1636417134),
(3248, 12, 92, 47, 16, 1636417134),
(3249, 9, 87, 51, 30, 1636417134),
(3250, 6, 54, 39, 8, 1636417134),
(3251, 5, 37, 38, 9, 1636417134),
(3252, 5, 29, 44, 13, 1636417134),
(3253, 10, 64, 45, 30, 1636417134),
(3254, 6, 56, 36, 8, 1636417134),
(3255, 5, 32, 35, 9, 1636417134),
(3256, 7, 50, 37, 17, 1636417134),
(3257, 5, 32, 35, 9, 1636417134),
(3258, 6, 56, 36, 8, 1636417134),
(3259, 6, 57, 53, 25, 1636417134),
(3260, 6, 57, 53, 25, 1636417134),
(3261, 9, 91, 61, 30, 1636417134),
(3262, 5, 38, 38, 24, 1636417134),
(3263, 12, 98, 54, 16, 1636417134),
(3264, 5, 34, 35, 9, 1636417134),
(3265, 8, 75, 39, 11, 1636417134),
(3266, 7, 52, 37, 18, 1636417134),
(3267, 5, 44, 35, 9, 1636417134),
(3268, 5, 37, 38, 9, 1636417134),
(3269, 10, 60, 55, 30, 1636417134),
(3270, 7, 50, 37, 17, 1636417134),
(3271, 5, 37, 38, 9, 1636417134),
(3272, 8, 77, 39, 11, 1636417134),
(3273, 9, 88, 46, 30, 1636417134),
(3274, 7, 50, 37, 17, 1636417134),
(3275, 7, 50, 37, 17, 1636417134),
(3276, 5, 37, 38, 9, 1636417134),
(3277, 8, 75, 39, 11, 1636417134),
(3278, 5, 43, 35, 7, 1636417134),
(3279, 8, 73, 39, 21, 1636417134),
(3280, 11, 82, 46, 7, 1636417134),
(3281, 6, 58, 53, 14, 1636417134),
(3282, 6, 69, 56, 32, 1636417134),
(3283, 8, 75, 39, 11, 1636417134),
(3284, 5, 38, 38, 24, 1636417134),
(3285, 9, 88, 46, 30, 1636417134),
(3286, 5, 24, 38, 7, 1636417134),
(3287, 11, 79, 46, 15, 1636417134),
(3288, 5, 36, 44, 7, 1636417134),
(3289, 8, 75, 39, 11, 1636417134),
(3290, 6, 56, 36, 8, 1636417134),
(3291, 11, 80, 52, 15, 1636417134),
(3292, 5, 41, 35, 7, 1636417134),
(3293, 9, 86, 51, 30, 1636417134),
(3294, 5, 30, 35, 13, 1636417134),
(3295, 9, 89, 50, 30, 1636417134),
(3296, 5, 33, 35, 9, 1636417134),
(3297, 6, 54, 39, 8, 1636417134),
(3298, 8, 75, 39, 11, 1636417134),
(3299, 5, 37, 38, 9, 1636417134),
(3300, 9, 90, 50, 30, 1636417134),
(3301, 11, 82, 46, 7, 1636417134),
(3302, 6, 72, 39, 8, 1636417134),
(3303, 5, 29, 44, 13, 1636417134),
(3304, 6, 56, 36, 8, 1636417134),
(3305, 5, 32, 35, 9, 1636417134),
(3306, 11, 78, 58, 13, 1636417134),
(3307, 8, 75, 39, 11, 1636417134),
(3308, 6, 59, 53, 23, 1636417134),
(3309, 9, 91, 61, 30, 1636417134),
(3310, 5, 41, 35, 7, 1636417134),
(3311, 11, 81, 50, 15, 1636417134),
(3312, 6, 56, 36, 8, 1636503534),
(3313, 12, 95, 54, 16, 1636503534),
(3314, 6, 53, 39, 14, 1636503534),
(3315, 7, 51, 49, 18, 1636503534),
(3316, 5, 43, 35, 7, 1636503534),
(3317, 9, 90, 50, 30, 1636503534),
(3318, 5, 32, 35, 9, 1636503534),
(3319, 10, 65, 38, 30, 1636503534),
(3320, 9, 90, 50, 30, 1636503534),
(3321, 5, 24, 38, 7, 1636503534),
(3322, 5, 41, 35, 7, 1636503534),
(3323, 10, 64, 45, 30, 1636503534),
(3324, 11, 79, 46, 15, 1636503534),
(3325, 5, 30, 35, 13, 1636503534),
(3326, 5, 43, 35, 7, 1636503534),
(3327, 10, 62, 57, 30, 1636503534),
(3328, 6, 56, 36, 8, 1636503534),
(3329, 6, 54, 39, 8, 1636503534),
(3330, 5, 37, 38, 9, 1636503534),
(3331, 6, 70, 39, 8, 1636503534),
(3332, 9, 89, 50, 30, 1636503534),
(3333, 6, 54, 39, 8, 1636503534),
(3334, 8, 75, 39, 11, 1636503534),
(3335, 7, 52, 37, 18, 1636503534),
(3336, 11, 78, 58, 13, 1636503534),
(3337, 6, 66, 41, 8, 1636503534),
(3338, 8, 73, 39, 21, 1636503534),
(3339, 5, 25, 35, 7, 1636503534),
(3340, 10, 60, 55, 30, 1636503534),
(3341, 11, 80, 52, 15, 1636503534),
(3342, 6, 69, 56, 32, 1636503534),
(3343, 7, 52, 37, 18, 1636503534),
(3344, 5, 38, 38, 24, 1636503534),
(3345, 6, 56, 36, 8, 1636503534),
(3346, 5, 35, 35, 9, 1636503534),
(3347, 9, 85, 51, 30, 1636503534),
(3348, 11, 82, 46, 7, 1636503534),
(3349, 11, 82, 46, 7, 1636503534),
(3350, 8, 76, 36, 11, 1636503534),
(3351, 5, 37, 38, 9, 1636503534),
(3352, 10, 64, 45, 30, 1636503534),
(3353, 10, 65, 38, 30, 1636503534),
(3354, 12, 92, 47, 16, 1636503534),
(3355, 8, 75, 39, 11, 1636503534),
(3356, 12, 93, 47, 16, 1636503534),
(3357, 7, 52, 37, 18, 1636503534),
(3358, 12, 95, 54, 16, 1636503534),
(3359, 5, 29, 44, 13, 1636503534),
(3360, 10, 63, 57, 30, 1636503534),
(3361, 9, 90, 50, 30, 1636503534),
(3362, 6, 56, 36, 8, 1636503534),
(3363, 9, 91, 61, 30, 1636503534),
(3364, 12, 92, 47, 16, 1636503534),
(3365, 5, 31, 48, 13, 1636503534),
(3366, 6, 56, 36, 8, 1636503534),
(3367, 10, 62, 57, 30, 1636503534),
(3368, 5, 32, 35, 9, 1636503534),
(3369, 9, 83, 40, 30, 1636503534),
(3370, 9, 89, 50, 30, 1636503534),
(3371, 9, 84, 40, 30, 1636503534),
(3372, 6, 54, 39, 8, 1636503534),
(3373, 5, 37, 38, 9, 1636503534),
(3374, 11, 82, 46, 7, 1636503534),
(3375, 9, 88, 46, 30, 1636503534),
(3376, 5, 38, 38, 24, 1636503534),
(3377, 6, 58, 53, 14, 1636503534),
(3378, 6, 56, 36, 8, 1636503534),
(3379, 5, 38, 38, 24, 1636503534),
(3380, 7, 50, 37, 17, 1636503534),
(3381, 5, 31, 48, 13, 1636503534),
(3382, 8, 75, 39, 11, 1636503534),
(3383, 5, 28, 43, 13, 1636503534),
(3384, 6, 54, 39, 8, 1636503534),
(3385, 8, 76, 36, 11, 1636503534),
(3386, 5, 43, 35, 7, 1636503534),
(3387, 9, 84, 40, 30, 1636503534),
(3388, 10, 65, 38, 30, 1636503534),
(3389, 11, 80, 52, 15, 1636503534),
(3390, 11, 80, 52, 15, 1636503534),
(3391, 6, 53, 39, 14, 1636503534),
(3392, 5, 32, 35, 9, 1636503534),
(3393, 5, 43, 35, 7, 1636503534),
(3394, 6, 56, 36, 8, 1636503534),
(3395, 6, 56, 36, 8, 1636503534),
(3396, 9, 90, 50, 30, 1636589934),
(3397, 8, 75, 39, 11, 1636589934),
(3398, 5, 26, 35, 7, 1636589934),
(3399, 5, 36, 44, 7, 1636589934),
(3400, 5, 37, 38, 9, 1636589934),
(3401, 9, 87, 51, 30, 1636589934),
(3402, 5, 38, 38, 24, 1636589934),
(3403, 5, 32, 35, 9, 1636589934),
(3404, 11, 79, 46, 15, 1636589934),
(3405, 5, 41, 35, 7, 1636589934),
(3406, 5, 43, 35, 7, 1636589934),
(3407, 5, 28, 43, 13, 1636589934),
(3408, 9, 83, 40, 30, 1636589934),
(3409, 5, 31, 48, 13, 1636589934),
(3410, 7, 52, 37, 18, 1636589934),
(3411, 5, 45, 35, 28, 1636589934),
(3412, 6, 56, 36, 8, 1636589934),
(3413, 11, 78, 58, 13, 1636589934),
(3414, 5, 24, 38, 7, 1636589934),
(3415, 9, 90, 50, 30, 1636589934),
(3416, 9, 86, 51, 30, 1636589934),
(3417, 6, 59, 53, 23, 1636589934),
(3418, 7, 52, 37, 18, 1636589934),
(3419, 5, 38, 38, 24, 1636589934),
(3420, 5, 25, 35, 7, 1636589934),
(3421, 10, 61, 55, 30, 1636589934),
(3422, 11, 79, 46, 15, 1636589934),
(3423, 5, 32, 35, 9, 1636589934),
(3424, 12, 93, 47, 16, 1636589934),
(3425, 5, 43, 35, 7, 1636589934),
(3426, 9, 90, 50, 30, 1636589934),
(3427, 5, 32, 35, 9, 1636589934),
(3428, 5, 38, 38, 24, 1636589934),
(3429, 12, 98, 54, 16, 1636589934),
(3430, 11, 82, 46, 7, 1636589934),
(3431, 6, 54, 39, 8, 1636589934),
(3432, 5, 37, 38, 9, 1636589934),
(3433, 5, 28, 43, 13, 1636589934),
(3434, 6, 54, 39, 8, 1636589934),
(3435, 5, 28, 43, 13, 1636589934),
(3436, 7, 52, 37, 18, 1636589934),
(3437, 6, 66, 41, 8, 1636589934),
(3438, 7, 48, 36, 22, 1636589934),
(3439, 6, 67, 41, 8, 1636589934),
(3440, 5, 43, 35, 7, 1636589934),
(3441, 10, 64, 45, 30, 1636589934),
(3442, 8, 75, 39, 11, 1636589934),
(3443, 5, 37, 38, 9, 1636589934),
(3444, 9, 84, 40, 30, 1636589934),
(3445, 6, 70, 39, 8, 1636589934),
(3446, 5, 35, 35, 9, 1636589934),
(3447, 6, 59, 53, 23, 1636589934),
(3448, 6, 53, 39, 14, 1636589934),
(3449, 9, 87, 51, 30, 1636589934),
(3450, 6, 70, 39, 8, 1636589934),
(3451, 6, 54, 39, 8, 1636589934),
(3452, 5, 33, 35, 9, 1636589934),
(3453, 8, 76, 36, 11, 1636589934),
(3454, 11, 79, 46, 15, 1636589934),
(3455, 5, 35, 35, 9, 1636589934),
(3456, 6, 56, 36, 8, 1636589934),
(3457, 6, 55, 36, 14, 1636589934),
(3458, 9, 91, 61, 30, 1636589934),
(3459, 12, 92, 47, 16, 1636589934),
(3460, 9, 85, 51, 30, 1636589934),
(3461, 8, 75, 39, 11, 1636589934),
(3462, 5, 23, 35, 7, 1636589934),
(3463, 5, 44, 35, 9, 1636589934),
(3464, 9, 89, 50, 30, 1636589934),
(3465, 5, 45, 35, 28, 1636589934),
(3466, 7, 50, 37, 17, 1636589934),
(3467, 5, 24, 38, 7, 1636589934),
(3468, 9, 86, 51, 30, 1636589934),
(3469, 5, 29, 44, 13, 1636589934),
(3470, 10, 64, 45, 30, 1636589934),
(3471, 8, 77, 39, 11, 1636589934),
(3472, 6, 56, 36, 8, 1636675748),
(3473, 5, 32, 35, 9, 1636675748),
(3474, 7, 50, 37, 17, 1636675748),
(3475, 5, 32, 35, 9, 1636675748),
(3476, 10, 65, 38, 30, 1636675748),
(3477, 5, 36, 44, 7, 1636675748),
(3478, 8, 75, 39, 11, 1636675748),
(3479, 11, 78, 58, 13, 1636675748),
(3480, 5, 38, 38, 24, 1636675748),
(3481, 7, 52, 37, 18, 1636675748),
(3482, 5, 38, 38, 24, 1636675748),
(3483, 5, 23, 35, 7, 1636675748),
(3484, 8, 73, 39, 21, 1636675748),
(3485, 11, 82, 46, 7, 1636675748),
(3486, 6, 58, 53, 14, 1636675748),
(3487, 5, 43, 35, 7, 1636675748),
(3488, 5, 26, 35, 7, 1636675748),
(3489, 5, 37, 38, 9, 1636675748),
(3490, 11, 82, 46, 7, 1636675748),
(3491, 9, 84, 40, 30, 1636675748),
(3492, 9, 88, 46, 30, 1636675748),
(3493, 8, 75, 39, 11, 1636675748),
(3494, 6, 70, 39, 8, 1636675748),
(3495, 7, 51, 49, 18, 1636675748),
(3496, 5, 44, 35, 9, 1636675748),
(3497, 9, 86, 51, 30, 1636675748),
(3498, 6, 54, 39, 8, 1636675748),
(3499, 11, 80, 52, 15, 1636675748),
(3500, 9, 86, 51, 30, 1636675748),
(3501, 8, 73, 39, 21, 1636675748),
(3502, 5, 32, 35, 9, 1636675748),
(3503, 5, 30, 35, 13, 1636675748),
(3504, 9, 89, 50, 30, 1636675748),
(3505, 6, 56, 36, 8, 1636675748),
(3506, 5, 38, 38, 24, 1636675748),
(3507, 5, 42, 35, 7, 1636675748),
(3508, 12, 95, 54, 16, 1636675748),
(3509, 11, 80, 52, 15, 1636675748),
(3510, 6, 69, 56, 32, 1636675748),
(3511, 5, 25, 35, 7, 1636675748),
(3512, 5, 41, 35, 7, 1636675748),
(3513, 6, 70, 39, 8, 1636675748),
(3514, 6, 70, 39, 8, 1636675748),
(3515, 11, 80, 52, 15, 1636675748),
(3516, 9, 90, 50, 30, 1636675748),
(3517, 8, 75, 39, 11, 1636675748),
(3518, 5, 44, 35, 9, 1636675748),
(3519, 5, 37, 38, 9, 1636675748),
(3520, 6, 71, 42, 12, 1636675748),
(3521, 9, 90, 50, 30, 1636675748),
(3522, 5, 37, 38, 9, 1636675748),
(3523, 10, 63, 57, 30, 1636675748),
(3524, 5, 34, 35, 9, 1636675748),
(3525, 7, 49, 36, 22, 1636675748),
(3526, 6, 68, 56, 31, 1636675748),
(3527, 10, 64, 45, 30, 1636675748),
(3528, 5, 38, 38, 24, 1636675748),
(3529, 5, 25, 35, 7, 1636675748),
(3530, 6, 54, 39, 8, 1636675748),
(3531, 8, 76, 36, 11, 1636675748),
(3532, 5, 28, 43, 13, 1636675748),
(3533, 5, 44, 35, 9, 1636675748),
(3534, 9, 90, 50, 30, 1636675748),
(3535, 9, 84, 40, 30, 1636675748),
(3536, 10, 65, 38, 30, 1636675748),
(3537, 5, 36, 44, 7, 1636675748),
(3538, 5, 43, 35, 7, 1636675748),
(3539, 5, 36, 44, 7, 1636675748),
(3540, 6, 67, 41, 8, 1636675748),
(3541, 8, 75, 39, 11, 1636675748),
(3542, 9, 91, 61, 30, 1636675748),
(3543, 5, 27, 35, 13, 1636675748),
(3544, 8, 76, 36, 11, 1636675748),
(3545, 10, 62, 57, 30, 1636675748),
(3546, 5, 30, 35, 13, 1636675748),
(3547, 12, 96, 54, 20, 1636675748),
(3548, 6, 56, 36, 8, 1636675748),
(3549, 8, 73, 39, 21, 1636675748),
(3550, 5, 24, 38, 7, 1636675748),
(3551, 6, 66, 41, 8, 1636675748),
(3552, 5, 45, 35, 28, 1636675748),
(3553, 5, 32, 35, 9, 1636675748),
(3554, 5, 37, 38, 9, 1636675748),
(3555, 11, 82, 46, 7, 1636675748),
(3556, 6, 56, 36, 8, 1636762148),
(3557, 6, 59, 53, 23, 1636762148),
(3558, 5, 25, 35, 7, 1636762148),
(3559, 9, 86, 51, 30, 1636762148),
(3560, 5, 26, 35, 7, 1636762148),
(3561, 12, 98, 54, 16, 1636762148),
(3562, 6, 53, 39, 14, 1636762148),
(3563, 5, 35, 35, 9, 1636762148),
(3564, 6, 53, 39, 14, 1636762148),
(3565, 5, 37, 38, 9, 1636762148),
(3566, 9, 86, 51, 30, 1636762148),
(3567, 11, 79, 46, 15, 1636762148),
(3568, 9, 86, 51, 30, 1636762148),
(3569, 13, 47, 43, 19, 1636762148),
(3570, 7, 51, 49, 18, 1636762148),
(3571, 11, 79, 46, 15, 1636762148),
(3572, 5, 41, 35, 7, 1636762148),
(3573, 6, 56, 36, 8, 1636762148),
(3574, 5, 32, 35, 9, 1636762148),
(3575, 6, 69, 56, 32, 1636762148),
(3576, 11, 82, 46, 7, 1636762148),
(3577, 5, 29, 44, 13, 1636762148),
(3578, 8, 77, 39, 11, 1636762148),
(3579, 5, 25, 35, 7, 1636762148),
(3580, 10, 62, 57, 30, 1636762148),
(3581, 5, 29, 44, 13, 1636762148),
(3582, 6, 69, 56, 32, 1636762148),
(3583, 11, 80, 52, 15, 1636762148),
(3584, 9, 90, 50, 30, 1636762148),
(3585, 5, 37, 38, 9, 1636762148),
(3586, 5, 27, 35, 13, 1636762148),
(3587, 6, 58, 53, 14, 1636762148),
(3588, 5, 45, 35, 28, 1636762148),
(3589, 5, 23, 35, 7, 1636762148),
(3590, 8, 76, 36, 11, 1636762148),
(3591, 6, 56, 36, 8, 1636762148),
(3592, 5, 31, 48, 13, 1636762148),
(3593, 5, 43, 35, 7, 1636762148),
(3594, 7, 50, 37, 17, 1636762148),
(3595, 5, 43, 35, 7, 1636762148),
(3596, 12, 92, 47, 16, 1636762148),
(3597, 5, 35, 35, 9, 1636762148),
(3598, 9, 84, 40, 30, 1636762148),
(3599, 12, 95, 54, 16, 1636762148),
(3600, 9, 86, 51, 30, 1636762148),
(3601, 5, 43, 35, 7, 1636762148),
(3602, 5, 32, 35, 9, 1636762148),
(3603, 5, 38, 38, 24, 1636762148),
(3604, 10, 63, 57, 30, 1636762148),
(3605, 7, 52, 37, 18, 1636762148),
(3606, 5, 23, 35, 7, 1636762148),
(3607, 10, 61, 55, 30, 1636762148),
(3608, 9, 89, 50, 30, 1636762148),
(3609, 9, 87, 51, 30, 1636762148),
(3610, 5, 28, 43, 13, 1636762148),
(3611, 6, 56, 36, 8, 1636762148),
(3612, 6, 69, 56, 32, 1636762148),
(3613, 5, 29, 44, 13, 1636762148),
(3614, 7, 52, 37, 18, 1636762148),
(3615, 5, 38, 38, 24, 1636762148),
(3616, 5, 28, 43, 13, 1636762148),
(3617, 5, 34, 35, 9, 1636762148),
(3618, 7, 49, 36, 22, 1636762148),
(3619, 6, 68, 56, 31, 1636762148),
(3620, 6, 54, 39, 8, 1636762148),
(3621, 5, 37, 38, 9, 1636762148),
(3622, 10, 62, 57, 30, 1636762148),
(3623, 5, 28, 43, 13, 1636848548),
(3624, 11, 78, 58, 13, 1636848548),
(3625, 5, 32, 35, 9, 1636848548),
(3626, 6, 54, 39, 8, 1636848548),
(3627, 5, 43, 35, 7, 1636848548),
(3628, 9, 84, 40, 30, 1636848548),
(3629, 9, 90, 50, 30, 1636848548),
(3630, 8, 75, 39, 11, 1636848548),
(3631, 6, 56, 36, 8, 1636848548),
(3632, 5, 38, 38, 24, 1636848548),
(3633, 12, 95, 54, 16, 1636848548),
(3634, 8, 75, 39, 11, 1636848548),
(3635, 5, 37, 38, 9, 1636848548),
(3636, 12, 92, 47, 16, 1636848548),
(3637, 6, 66, 41, 8, 1636848548),
(3638, 10, 60, 55, 30, 1636848548),
(3639, 9, 90, 50, 30, 1636848548),
(3640, 5, 24, 38, 7, 1636848548),
(3641, 9, 86, 51, 30, 1636848548),
(3642, 9, 88, 46, 30, 1636848548),
(3643, 6, 67, 41, 8, 1636848548),
(3644, 11, 82, 46, 7, 1636848548),
(3645, 6, 56, 36, 8, 1636848548),
(3646, 8, 75, 39, 11, 1636848548),
(3647, 6, 56, 36, 8, 1636848548),
(3648, 7, 50, 37, 17, 1636848548),
(3649, 8, 75, 39, 11, 1636848548),
(3650, 11, 80, 52, 15, 1636848548),
(3651, 9, 90, 50, 30, 1636848548),
(3652, 7, 50, 37, 17, 1636848548),
(3653, 9, 90, 50, 30, 1636848548),
(3654, 5, 28, 43, 13, 1636848548),
(3655, 5, 38, 38, 24, 1636848548),
(3656, 6, 58, 53, 14, 1636848548),
(3657, 9, 90, 50, 30, 1636848548),
(3658, 5, 43, 35, 7, 1636848548),
(3659, 7, 52, 37, 18, 1636848548),
(3660, 5, 44, 35, 9, 1636848548),
(3661, 5, 30, 35, 13, 1636848548),
(3662, 10, 62, 57, 30, 1636848548),
(3663, 9, 91, 61, 30, 1636848548),
(3664, 6, 56, 36, 8, 1636848548),
(3665, 5, 36, 44, 7, 1636848548),
(3666, 8, 75, 39, 11, 1636848548),
(3667, 8, 76, 36, 11, 1636848548),
(3668, 12, 93, 47, 16, 1636848548),
(3669, 7, 48, 36, 22, 1636848548),
(3670, 8, 75, 39, 11, 1636848548),
(3671, 5, 33, 35, 9, 1636848548),
(3672, 5, 38, 38, 24, 1636848548),
(3673, 6, 54, 39, 8, 1636848548),
(3674, 5, 32, 35, 9, 1636848548),
(3675, 10, 64, 45, 30, 1636848548),
(3676, 10, 63, 57, 30, 1636848548),
(3677, 6, 56, 36, 8, 1636848548),
(3678, 5, 35, 35, 9, 1636848548),
(3679, 11, 78, 58, 13, 1636848548),
(3680, 9, 83, 40, 30, 1636848548),
(3681, 9, 90, 50, 30, 1636848548),
(3682, 5, 32, 35, 9, 1636848548),
(3683, 6, 56, 36, 8, 1636848548),
(3684, 10, 63, 57, 30, 1636848548),
(3685, 6, 69, 56, 32, 1636848548),
(3686, 6, 71, 42, 12, 1636848548),
(3687, 8, 77, 39, 11, 1636848548),
(3688, 6, 66, 41, 8, 1636848548),
(3689, 5, 38, 38, 24, 1636848548),
(3690, 12, 98, 54, 16, 1636848548),
(3691, 11, 79, 46, 15, 1636848548),
(3692, 6, 55, 36, 14, 1636848548),
(3693, 9, 87, 51, 30, 1636848548),
(3694, 11, 81, 50, 15, 1636848548),
(3695, 12, 92, 47, 16, 1636848548),
(3696, 5, 28, 43, 13, 1636848548),
(3697, 10, 60, 55, 30, 1636848548),
(3698, 9, 86, 51, 30, 1636848548),
(3699, 5, 45, 35, 28, 1636848548),
(3700, 8, 77, 39, 11, 1636934948),
(3701, 12, 98, 54, 16, 1636934948),
(3702, 5, 37, 38, 9, 1636934948),
(3703, 8, 75, 39, 11, 1636934948),
(3704, 6, 56, 36, 8, 1636934948),
(3705, 5, 32, 35, 9, 1636934948),
(3706, 9, 88, 46, 30, 1636934948),
(3707, 11, 82, 46, 7, 1636934948),
(3708, 5, 29, 44, 13, 1636934948),
(3709, 5, 30, 35, 13, 1636934948),
(3710, 9, 89, 50, 30, 1636934948),
(3711, 6, 56, 36, 8, 1636934948),
(3712, 6, 56, 36, 8, 1636934948),
(3713, 9, 89, 50, 30, 1636934948),
(3714, 8, 73, 39, 21, 1636934948),
(3715, 5, 43, 35, 7, 1636934948),
(3716, 10, 62, 57, 30, 1636934948),
(3717, 12, 95, 54, 16, 1636934948),
(3718, 7, 52, 37, 18, 1636934948),
(3719, 5, 25, 35, 7, 1636934948),
(3720, 8, 77, 39, 11, 1636934948),
(3721, 5, 26, 35, 7, 1636934948),
(3722, 8, 75, 39, 11, 1636934948),
(3723, 5, 23, 35, 7, 1636934948),
(3724, 5, 38, 38, 24, 1636934948),
(3725, 5, 32, 35, 9, 1636934948),
(3726, 7, 51, 49, 18, 1636934948),
(3727, 7, 52, 37, 18, 1636934948),
(3728, 6, 70, 39, 8, 1636934948),
(3729, 5, 32, 35, 9, 1636934948),
(3730, 6, 59, 53, 23, 1636934948),
(3731, 5, 36, 44, 7, 1636934948),
(3732, 8, 75, 39, 11, 1636934948),
(3733, 5, 43, 35, 7, 1636934948),
(3734, 12, 92, 47, 16, 1636934948),
(3735, 5, 36, 44, 7, 1636934948),
(3736, 8, 77, 39, 11, 1636934948),
(3737, 6, 56, 36, 8, 1636934948),
(3738, 7, 52, 37, 18, 1636934948),
(3739, 9, 86, 51, 30, 1636934948),
(3740, 11, 79, 46, 15, 1636934948),
(3741, 10, 62, 57, 30, 1636934948),
(3742, 5, 41, 35, 7, 1636934948),
(3743, 11, 82, 46, 7, 1636934948),
(3744, 6, 56, 36, 8, 1636934948),
(3745, 8, 75, 39, 11, 1636934948),
(3746, 5, 26, 35, 7, 1636934948),
(3747, 7, 50, 37, 17, 1636934948),
(3748, 5, 36, 44, 7, 1636934948),
(3749, 10, 62, 57, 30, 1636934948),
(3750, 5, 32, 35, 9, 1636934948),
(3751, 6, 66, 41, 8, 1636934948),
(3752, 8, 75, 39, 11, 1636934948),
(3753, 6, 71, 42, 12, 1636934948),
(3754, 6, 53, 39, 14, 1636934948),
(3755, 5, 43, 35, 7, 1636934948),
(3756, 9, 90, 50, 30, 1636934948),
(3757, 6, 56, 36, 8, 1636934948),
(3758, 6, 56, 36, 8, 1636934948),
(3759, 5, 26, 35, 7, 1636934948),
(3760, 7, 50, 37, 17, 1636934948),
(3761, 11, 78, 58, 13, 1636934948),
(3762, 6, 67, 41, 8, 1636934948),
(3763, 5, 27, 35, 13, 1636934948),
(3764, 5, 44, 35, 9, 1636934948),
(3765, 5, 25, 35, 7, 1636934948),
(3766, 8, 73, 39, 21, 1636934948),
(3767, 7, 50, 37, 17, 1636934948),
(3768, 5, 36, 44, 7, 1636934948),
(3769, 8, 75, 39, 11, 1636934948),
(3770, 5, 38, 38, 24, 1636934948),
(3771, 9, 87, 51, 30, 1636934948),
(3772, 7, 52, 37, 18, 1636934948),
(3773, 5, 38, 38, 24, 1636934948),
(3774, 5, 32, 35, 9, 1636934948),
(3775, 5, 38, 38, 24, 1636934948),
(3776, 9, 89, 50, 30, 1636934948),
(3777, 8, 77, 39, 11, 1636934948),
(3778, 6, 53, 39, 14, 1636934948),
(3779, 5, 43, 35, 7, 1636934948),
(3780, 5, 44, 35, 9, 1636934948),
(3781, 11, 82, 46, 7, 1637021348),
(3782, 9, 83, 40, 30, 1637021348),
(3783, 10, 62, 57, 30, 1637021348),
(3784, 5, 28, 43, 13, 1637021348),
(3785, 6, 56, 36, 8, 1637021348),
(3786, 9, 91, 61, 30, 1637021348),
(3787, 6, 69, 56, 32, 1637021348),
(3788, 9, 86, 51, 30, 1637021348),
(3789, 6, 53, 39, 14, 1637021348),
(3790, 6, 54, 39, 8, 1637021348),
(3791, 5, 31, 48, 13, 1637021348),
(3792, 11, 78, 58, 13, 1637021348),
(3793, 8, 75, 39, 11, 1637021348),
(3794, 9, 86, 51, 30, 1637021348),
(3795, 5, 34, 35, 9, 1637021348),
(3796, 7, 49, 36, 22, 1637021348),
(3797, 6, 68, 56, 31, 1637021348),
(3798, 9, 84, 40, 30, 1637021348),
(3799, 7, 52, 37, 18, 1637021348),
(3800, 5, 44, 35, 9, 1637021348),
(3801, 5, 32, 35, 9, 1637021348),
(3802, 6, 70, 39, 8, 1637021348),
(3803, 9, 86, 51, 30, 1637021348),
(3804, 5, 44, 35, 9, 1637021348),
(3805, 8, 76, 36, 11, 1637021348),
(3806, 5, 28, 43, 13, 1637021348),
(3807, 10, 64, 45, 30, 1637021348),
(3808, 5, 35, 35, 9, 1637021348),
(3809, 6, 54, 39, 8, 1637021348),
(3810, 6, 53, 39, 14, 1637021348),
(3811, 5, 43, 35, 7, 1637021348),
(3812, 6, 66, 41, 8, 1637021348),
(3813, 6, 56, 36, 8, 1637021348),
(3814, 6, 56, 36, 8, 1637021348),
(3815, 5, 32, 35, 9, 1637021348),
(3816, 7, 50, 37, 17, 1637021348),
(3817, 8, 75, 39, 11, 1637021348),
(3818, 7, 51, 49, 18, 1637021348),
(3819, 11, 80, 52, 15, 1637021348),
(3820, 6, 57, 53, 25, 1637021348),
(3821, 7, 49, 36, 22, 1637021348),
(3822, 12, 95, 54, 16, 1637021348),
(3823, 10, 62, 57, 30, 1637021348),
(3824, 12, 93, 47, 16, 1637021348),
(3825, 5, 32, 35, 9, 1637021348),
(3826, 6, 55, 36, 14, 1637021348),
(3827, 5, 37, 38, 9, 1637021348),
(3828, 9, 90, 50, 30, 1637021348),
(3829, 5, 38, 38, 24, 1637021348),
(3830, 5, 37, 38, 9, 1637021348),
(3831, 5, 45, 35, 28, 1637021348),
(3832, 9, 83, 40, 30, 1637021348),
(3833, 9, 88, 46, 30, 1637021348),
(3834, 5, 25, 35, 7, 1637021348),
(3835, 5, 36, 44, 7, 1637021348),
(3836, 8, 75, 39, 11, 1637021348),
(3837, 6, 56, 36, 8, 1637021348),
(3838, 10, 61, 55, 30, 1637021348),
(3839, 7, 50, 37, 17, 1637021348),
(3840, 7, 50, 37, 17, 1637021348),
(3841, 8, 75, 39, 11, 1637021348),
(3842, 12, 92, 47, 16, 1637021348),
(3843, 9, 87, 51, 30, 1637021348),
(3844, 5, 25, 35, 7, 1637021348),
(3845, 5, 30, 35, 13, 1637021348),
(3846, 6, 69, 56, 32, 1637021348),
(3847, 7, 50, 37, 17, 1637021348),
(3848, 8, 77, 39, 11, 1637021348),
(3849, 5, 32, 35, 9, 1637021348),
(3850, 5, 24, 38, 7, 1637021348),
(3851, 5, 23, 35, 7, 1637021348),
(3852, 5, 29, 44, 13, 1637021348),
(3853, 5, 32, 35, 9, 1637021348),
(3854, 11, 82, 46, 7, 1637021348),
(3855, 6, 56, 36, 8, 1637021348),
(3856, 5, 38, 38, 24, 1637021348),
(3857, 6, 66, 41, 8, 1637021348),
(3858, 9, 87, 51, 30, 1637021348),
(3859, 6, 56, 36, 8, 1637107748),
(3860, 9, 86, 51, 30, 1637107748),
(3861, 5, 32, 35, 9, 1637107748),
(3862, 8, 77, 39, 11, 1637107748),
(3863, 7, 51, 49, 18, 1637107748),
(3864, 5, 43, 35, 7, 1637107748),
(3865, 12, 99, 54, 16, 1637107748),
(3866, 5, 41, 35, 7, 1637107748),
(3867, 8, 73, 39, 21, 1637107748),
(3868, 9, 84, 40, 30, 1637107748),
(3869, 5, 28, 43, 13, 1637107748),
(3870, 7, 51, 49, 18, 1637107748),
(3871, 5, 44, 35, 9, 1637107748),
(3872, 9, 84, 40, 30, 1637107748),
(3873, 11, 82, 46, 7, 1637107748),
(3874, 6, 58, 53, 14, 1637107748),
(3875, 5, 43, 35, 7, 1637107748),
(3876, 6, 56, 36, 8, 1637107748),
(3877, 6, 54, 39, 8, 1637107748),
(3878, 9, 86, 51, 30, 1637107748),
(3879, 6, 67, 41, 8, 1637107748),
(3880, 10, 62, 57, 30, 1637107748),
(3881, 5, 26, 35, 7, 1637107748),
(3882, 7, 48, 36, 22, 1637107748),
(3883, 8, 75, 39, 11, 1637107748),
(3884, 5, 44, 35, 9, 1637107748),
(3885, 5, 26, 35, 7, 1637107748),
(3886, 6, 53, 39, 14, 1637107748),
(3887, 5, 32, 35, 9, 1637107748),
(3888, 6, 54, 39, 8, 1637107748),
(3889, 5, 31, 48, 13, 1637107748),
(3890, 6, 56, 36, 8, 1637107748),
(3891, 5, 38, 38, 24, 1637107748),
(3892, 9, 91, 61, 30, 1637107748),
(3893, 5, 28, 43, 13, 1637107748),
(3894, 5, 36, 44, 7, 1637107748),
(3895, 5, 32, 35, 9, 1637107748),
(3896, 8, 73, 39, 21, 1637107748),
(3897, 9, 86, 51, 30, 1637107748),
(3898, 6, 54, 39, 8, 1637107748),
(3899, 5, 28, 43, 13, 1637107748),
(3900, 5, 37, 38, 9, 1637107748),
(3901, 10, 64, 45, 30, 1637107748),
(3902, 5, 43, 35, 7, 1637107748),
(3903, 13, 47, 43, 19, 1637107748),
(3904, 9, 90, 50, 30, 1637107748),
(3905, 8, 75, 39, 11, 1637107748),
(3906, 5, 38, 38, 24, 1637107748),
(3907, 5, 25, 35, 7, 1637107748),
(3908, 9, 89, 50, 30, 1637107748),
(3909, 9, 88, 46, 30, 1637107748),
(3910, 11, 80, 52, 15, 1637107748),
(3911, 11, 79, 46, 15, 1637107748),
(3912, 6, 59, 53, 23, 1637107748),
(3913, 5, 29, 44, 13, 1637107748),
(3914, 8, 77, 39, 11, 1637107748),
(3915, 12, 93, 47, 16, 1637107748),
(3916, 7, 52, 37, 18, 1637107748),
(3917, 5, 38, 38, 24, 1637107748),
(3918, 9, 84, 40, 30, 1637107748),
(3919, 7, 52, 37, 18, 1637107748),
(3920, 6, 56, 36, 8, 1637107748),
(3921, 6, 54, 39, 8, 1637107748),
(3922, 11, 82, 46, 7, 1637107748),
(3923, 9, 86, 51, 30, 1637107748),
(3924, 5, 38, 38, 24, 1637107748),
(3925, 12, 98, 54, 16, 1637107748),
(3926, 8, 75, 39, 11, 1637107748),
(3927, 5, 35, 35, 9, 1637107748),
(3928, 5, 44, 35, 9, 1637107748),
(3929, 12, 95, 54, 16, 1637107748),
(3930, 5, 27, 35, 13, 1637107748),
(3931, 10, 65, 38, 30, 1637107748),
(3932, 10, 64, 45, 30, 1637107748),
(3933, 11, 79, 46, 15, 1637107748),
(3934, 5, 30, 35, 13, 1637107748),
(3935, 5, 28, 43, 13, 1637107748),
(3936, 5, 25, 35, 7, 1637107748),
(3937, 11, 80, 52, 15, 1637107748),
(3938, 5, 32, 35, 9, 1637107748),
(3939, 10, 64, 45, 30, 1637107748),
(3940, 11, 78, 58, 13, 1637107748),
(3941, 5, 29, 44, 13, 1637107748),
(3942, 10, 62, 57, 30, 1637107748),
(3943, 10, 62, 57, 30, 1637107748),
(3944, 8, 76, 36, 11, 1637107748),
(3945, 6, 53, 39, 14, 1637107748),
(3946, 5, 31, 48, 13, 1637194148),
(3947, 6, 56, 36, 8, 1637194148),
(3948, 5, 43, 35, 7, 1637194148),
(3949, 6, 55, 36, 14, 1637194148),
(3950, 10, 62, 57, 30, 1637194148),
(3951, 9, 87, 51, 30, 1637194148),
(3952, 5, 44, 35, 9, 1637194148),
(3953, 5, 25, 35, 7, 1637194148),
(3954, 10, 60, 55, 30, 1637194148),
(3955, 5, 37, 38, 9, 1637194148),
(3956, 10, 60, 55, 30, 1637194148),
(3957, 7, 48, 36, 22, 1637194148),
(3958, 11, 80, 52, 15, 1637194148),
(3959, 7, 52, 37, 18, 1637194148),
(3960, 6, 54, 39, 8, 1637194148),
(3961, 5, 25, 35, 7, 1637194148),
(3962, 9, 91, 61, 30, 1637194148),
(3963, 5, 33, 35, 9, 1637194148),
(3964, 6, 58, 53, 14, 1637194148),
(3965, 9, 84, 40, 30, 1637194148),
(3966, 6, 58, 53, 14, 1637194148),
(3967, 5, 43, 35, 7, 1637194148),
(3968, 6, 66, 41, 8, 1637194148),
(3969, 8, 75, 39, 11, 1637194148),
(3970, 5, 44, 35, 9, 1637194148),
(3971, 5, 28, 43, 13, 1637194148),
(3972, 10, 63, 57, 30, 1637194148),
(3973, 5, 32, 35, 9, 1637194148),
(3974, 6, 66, 41, 8, 1637194148),
(3975, 7, 51, 49, 18, 1637194148),
(3976, 6, 56, 36, 8, 1637194148),
(3977, 9, 83, 40, 30, 1637194148),
(3978, 12, 92, 47, 16, 1637194148),
(3979, 11, 80, 52, 15, 1637194148),
(3980, 6, 57, 53, 25, 1637194148),
(3981, 6, 69, 56, 32, 1637194148),
(3982, 6, 56, 36, 8, 1637194148),
(3983, 9, 88, 46, 30, 1637194148),
(3984, 5, 43, 35, 7, 1637194148),
(3985, 8, 77, 39, 11, 1637194148),
(3986, 5, 45, 35, 28, 1637194148),
(3987, 7, 50, 37, 17, 1637194148),
(3988, 6, 56, 36, 8, 1637194148),
(3989, 6, 56, 36, 8, 1637194148),
(3990, 8, 75, 39, 11, 1637194148),
(3991, 11, 78, 58, 13, 1637194148),
(3992, 9, 86, 51, 30, 1637194148),
(3993, 5, 36, 44, 7, 1637194148),
(3994, 5, 32, 35, 9, 1637194148),
(3995, 8, 73, 39, 21, 1637194148),
(3996, 6, 67, 41, 8, 1637194148),
(3997, 9, 87, 51, 30, 1637194148),
(3998, 5, 23, 35, 7, 1637194148),
(3999, 10, 63, 57, 30, 1637194148),
(4000, 5, 43, 35, 7, 1637194148),
(4001, 6, 58, 53, 14, 1637194148),
(4002, 5, 25, 35, 7, 1637194148),
(4003, 9, 90, 50, 30, 1637194148),
(4004, 5, 32, 35, 9, 1637194148),
(4005, 6, 56, 36, 8, 1637194148),
(4006, 5, 45, 35, 28, 1637194148),
(4007, 6, 56, 36, 8, 1637194148),
(4008, 5, 38, 38, 24, 1637194148),
(4009, 5, 24, 38, 7, 1637194148),
(4010, 5, 38, 38, 24, 1637194148),
(4011, 10, 61, 55, 30, 1637194148),
(4012, 5, 26, 35, 7, 1637194148),
(4013, 5, 44, 35, 9, 1637194148),
(4014, 6, 53, 39, 14, 1637194148),
(4015, 11, 82, 46, 7, 1637194148),
(4016, 5, 41, 35, 7, 1637194148),
(4017, 5, 30, 35, 13, 1637194148),
(4018, 9, 88, 46, 30, 1637194148),
(4019, 11, 80, 52, 15, 1637194148),
(4020, 5, 43, 35, 7, 1637194148),
(4021, 5, 36, 44, 7, 1637194148),
(4022, 8, 75, 39, 11, 1637194148),
(4023, 9, 84, 40, 30, 1637194148),
(4024, 6, 54, 39, 8, 1637194148),
(4025, 5, 33, 35, 9, 1637194148),
(4026, 8, 75, 39, 11, 1637194148),
(4027, 12, 92, 47, 16, 1637194148),
(4028, 6, 70, 39, 8, 1637194148),
(4029, 10, 61, 55, 30, 1637194148),
(4030, 5, 43, 35, 7, 1637194148),
(4031, 6, 56, 36, 8, 1637194148),
(4032, 6, 56, 36, 8, 1637194148),
(4033, 12, 95, 54, 16, 1637194148),
(4034, 8, 75, 39, 11, 1637194148),
(4035, 12, 95, 54, 16, 1637194148),
(4036, 6, 59, 53, 23, 1637280548),
(4037, 13, 47, 43, 19, 1637280548),
(4038, 12, 94, 47, 33, 1637280548),
(4039, 8, 75, 39, 11, 1637280548),
(4040, 5, 32, 35, 9, 1637280548),
(4041, 6, 67, 41, 8, 1637280548),
(4042, 5, 44, 35, 9, 1637280548),
(4043, 5, 32, 35, 9, 1637280548),
(4044, 6, 59, 53, 23, 1637280548),
(4045, 10, 62, 57, 30, 1637280548),
(4046, 7, 52, 37, 18, 1637280548),
(4047, 5, 38, 38, 24, 1637280548),
(4048, 5, 25, 35, 7, 1637280548),
(4049, 9, 91, 61, 30, 1637280548),
(4050, 6, 66, 41, 8, 1637280548),
(4051, 5, 35, 35, 9, 1637280548),
(4052, 6, 56, 36, 8, 1637280548),
(4053, 6, 54, 39, 8, 1637280548),
(4054, 12, 96, 54, 20, 1637280548),
(4055, 8, 75, 39, 11, 1637280548),
(4056, 5, 29, 44, 13, 1637280548),
(4057, 5, 32, 35, 9, 1637280548),
(4058, 6, 58, 53, 14, 1637280548),
(4059, 5, 32, 35, 9, 1637280548),
(4060, 11, 78, 58, 13, 1637280548),
(4061, 5, 23, 35, 7, 1637280548),
(4062, 7, 52, 37, 18, 1637280548),
(4063, 7, 50, 37, 17, 1637280548),
(4064, 11, 82, 46, 7, 1637280548),
(4065, 6, 56, 36, 8, 1637280548),
(4066, 8, 76, 36, 11, 1637280548),
(4067, 5, 23, 35, 7, 1637280548),
(4068, 5, 34, 35, 9, 1637280548),
(4069, 7, 49, 36, 22, 1637280548),
(4070, 11, 79, 46, 15, 1637280548),
(4071, 12, 95, 54, 16, 1637280548),
(4072, 11, 78, 58, 13, 1637280548),
(4073, 5, 36, 44, 7, 1637280548),
(4074, 5, 43, 35, 7, 1637280548),
(4075, 5, 38, 38, 24, 1637280548),
(4076, 12, 93, 47, 16, 1637280548),
(4077, 5, 45, 35, 28, 1637280548),
(4078, 8, 75, 39, 11, 1637280548),
(4079, 5, 38, 38, 24, 1637280548),
(4080, 12, 98, 54, 16, 1637280548),
(4081, 9, 84, 40, 30, 1637280548),
(4082, 12, 93, 47, 16, 1637280548),
(4083, 5, 32, 35, 9, 1637280548),
(4084, 11, 82, 46, 7, 1637280548),
(4085, 9, 86, 51, 30, 1637280548),
(4086, 11, 78, 58, 13, 1637280548),
(4087, 6, 56, 36, 8, 1637280548),
(4088, 6, 58, 53, 14, 1637280548),
(4089, 5, 35, 35, 9, 1637280548),
(4090, 5, 43, 35, 7, 1637280548),
(4091, 5, 28, 43, 13, 1637280548),
(4092, 5, 23, 35, 7, 1637280548),
(4093, 11, 82, 46, 7, 1637280548),
(4094, 9, 89, 50, 30, 1637280548),
(4095, 9, 90, 50, 30, 1637280548),
(4096, 6, 71, 42, 12, 1637280548),
(4097, 5, 44, 35, 9, 1637280548),
(4098, 5, 32, 35, 9, 1637280548),
(4099, 6, 69, 56, 32, 1637280548),
(4100, 9, 88, 46, 30, 1637280548),
(4101, 5, 24, 38, 7, 1637280548),
(4102, 5, 29, 44, 13, 1637280548),
(4103, 5, 37, 38, 9, 1637280548),
(4104, 5, 24, 38, 7, 1637366948),
(4105, 6, 54, 39, 8, 1637366948),
(4106, 6, 56, 36, 8, 1637366948),
(4107, 6, 54, 39, 8, 1637366948),
(4108, 6, 67, 41, 8, 1637366948),
(4109, 9, 83, 40, 30, 1637366948),
(4110, 8, 75, 39, 11, 1637366948),
(4111, 9, 86, 51, 30, 1637366948),
(4112, 12, 98, 54, 16, 1637366948),
(4113, 10, 62, 57, 30, 1637366948),
(4114, 5, 29, 44, 13, 1637366948),
(4115, 12, 92, 47, 16, 1637366948),
(4116, 5, 25, 35, 7, 1637366948),
(4117, 10, 64, 45, 30, 1637366948),
(4118, 8, 73, 39, 21, 1637366948),
(4119, 10, 63, 57, 30, 1637366948),
(4120, 5, 24, 38, 7, 1637366948),
(4121, 8, 75, 39, 11, 1637366948),
(4122, 7, 52, 37, 18, 1637366948),
(4123, 10, 62, 57, 30, 1637366948),
(4124, 12, 93, 47, 16, 1637366948),
(4125, 8, 75, 39, 11, 1637366948),
(4126, 7, 50, 37, 17, 1637366948),
(4127, 5, 25, 35, 7, 1637366948),
(4128, 5, 43, 35, 7, 1637366948),
(4129, 10, 62, 57, 30, 1637366948),
(4130, 5, 36, 44, 7, 1637366948),
(4131, 10, 64, 45, 30, 1637366948),
(4132, 5, 43, 35, 7, 1637366948),
(4133, 6, 56, 36, 8, 1637366948),
(4134, 10, 63, 57, 30, 1637366948),
(4135, 7, 50, 37, 17, 1637366948),
(4136, 5, 23, 35, 7, 1637366948),
(4137, 7, 51, 49, 18, 1637366948),
(4138, 5, 44, 35, 9, 1637366948),
(4139, 5, 28, 43, 13, 1637366948),
(4140, 12, 98, 54, 16, 1637366948),
(4141, 6, 70, 39, 8, 1637366948),
(4142, 6, 56, 36, 8, 1637366948),
(4143, 5, 32, 35, 9, 1637366948),
(4144, 7, 50, 37, 17, 1637366948),
(4145, 8, 75, 39, 11, 1637366948),
(4146, 5, 29, 44, 13, 1637366948),
(4147, 5, 38, 38, 24, 1637366948),
(4148, 9, 84, 40, 30, 1637366948),
(4149, 11, 78, 58, 13, 1637366948),
(4150, 6, 53, 39, 14, 1637366948),
(4151, 7, 52, 37, 18, 1637366948),
(4152, 6, 56, 36, 8, 1637366948),
(4153, 5, 29, 44, 13, 1637366948),
(4154, 8, 77, 39, 11, 1637366948),
(4155, 5, 26, 35, 7, 1637366948),
(4156, 9, 86, 51, 30, 1637366948),
(4157, 9, 91, 61, 30, 1637366948),
(4158, 5, 26, 35, 7, 1637366948),
(4159, 7, 50, 37, 17, 1637366948),
(4160, 5, 23, 35, 7, 1637366948),
(4161, 10, 63, 57, 30, 1637366948),
(4162, 11, 78, 58, 13, 1637366948),
(4163, 8, 77, 39, 11, 1637366948),
(4164, 9, 90, 50, 30, 1637366948),
(4165, 12, 95, 54, 16, 1637366948),
(4166, 8, 75, 39, 11, 1637366948),
(4167, 7, 52, 37, 18, 1637366948),
(4168, 5, 38, 38, 24, 1637366948),
(4169, 11, 80, 52, 15, 1637366948),
(4170, 9, 90, 50, 30, 1637366948),
(4171, 6, 56, 36, 8, 1637366948),
(4172, 5, 41, 35, 7, 1637366948),
(4173, 5, 36, 44, 7, 1637366948),
(4174, 5, 45, 35, 28, 1637366948),
(4175, 5, 31, 48, 13, 1637366948),
(4176, 11, 82, 46, 7, 1637366948),
(4177, 6, 56, 36, 8, 1637366948),
(4178, 5, 25, 35, 7, 1637366948),
(4179, 12, 92, 47, 16, 1637366948),
(4180, 12, 92, 47, 16, 1637366948),
(4181, 9, 85, 51, 30, 1637366948),
(4182, 5, 28, 43, 13, 1637366948),
(4183, 5, 36, 44, 7, 1637366948),
(4184, 8, 75, 39, 11, 1637366948),
(4185, 9, 84, 40, 30, 1637366948),
(4186, 6, 67, 41, 8, 1637366948),
(4187, 6, 56, 36, 8, 1637366948),
(4188, 5, 38, 38, 24, 1637453348),
(4189, 6, 69, 56, 32, 1637453348),
(4190, 5, 36, 44, 7, 1637453348),
(4191, 8, 75, 39, 11, 1637453348),
(4192, 5, 24, 38, 7, 1637453348),
(4193, 6, 54, 39, 8, 1637453348),
(4194, 5, 32, 35, 9, 1637453348),
(4195, 5, 35, 35, 9, 1637453348),
(4196, 7, 52, 37, 18, 1637453348),
(4197, 5, 44, 35, 9, 1637453348),
(4198, 12, 96, 54, 20, 1637453348),
(4199, 7, 48, 36, 22, 1637453348),
(4200, 6, 66, 41, 8, 1637453348),
(4201, 7, 52, 37, 18, 1637453348),
(4202, 5, 35, 35, 9, 1637453348),
(4203, 6, 56, 36, 8, 1637453348),
(4204, 6, 68, 56, 31, 1637453348),
(4205, 6, 54, 39, 8, 1637453348),
(4206, 9, 84, 40, 30, 1637453348),
(4207, 5, 34, 35, 9, 1637453348),
(4208, 7, 49, 36, 22, 1637453348),
(4209, 8, 75, 39, 11, 1637453348),
(4210, 5, 26, 35, 7, 1637453348),
(4211, 8, 75, 39, 11, 1637453348),
(4212, 7, 51, 49, 18, 1637453348),
(4213, 12, 95, 54, 16, 1637453348),
(4214, 10, 61, 55, 30, 1637453348),
(4215, 5, 43, 35, 7, 1637453348),
(4216, 5, 26, 35, 7, 1637453348),
(4217, 5, 36, 44, 7, 1637453348),
(4218, 5, 32, 35, 9, 1637453348),
(4219, 6, 55, 36, 14, 1637453348),
(4220, 6, 56, 36, 8, 1637453348),
(4221, 11, 78, 58, 13, 1637453348),
(4222, 9, 86, 51, 30, 1637453348),
(4223, 6, 58, 53, 14, 1637453348),
(4224, 10, 62, 57, 30, 1637453348),
(4225, 5, 24, 38, 7, 1637453348),
(4226, 9, 88, 46, 30, 1637453348),
(4227, 9, 83, 40, 30, 1637453348),
(4228, 9, 88, 46, 30, 1637453348),
(4229, 5, 29, 44, 13, 1637453348),
(4230, 5, 38, 38, 24, 1637453348),
(4231, 6, 56, 36, 8, 1637453348),
(4232, 11, 82, 46, 7, 1637453348),
(4233, 7, 52, 37, 18, 1637453348),
(4234, 9, 91, 61, 30, 1637453348),
(4235, 6, 67, 41, 8, 1637453348),
(4236, 6, 72, 39, 8, 1637453348),
(4237, 8, 76, 36, 11, 1637453348),
(4238, 5, 25, 35, 7, 1637453348),
(4239, 6, 54, 39, 8, 1637453348),
(4240, 5, 30, 35, 13, 1637453348),
(4241, 5, 42, 35, 7, 1637453348),
(4242, 8, 76, 36, 11, 1637453348),
(4243, 13, 47, 43, 19, 1637453348),
(4244, 6, 56, 36, 8, 1637453348),
(4245, 5, 38, 38, 24, 1637453348),
(4246, 9, 84, 40, 30, 1637453348),
(4247, 5, 43, 35, 7, 1637453348),
(4248, 6, 55, 36, 14, 1637453348),
(4249, 5, 32, 35, 9, 1637453348),
(4250, 6, 59, 53, 23, 1637453348),
(4251, 8, 75, 39, 11, 1637453348),
(4252, 6, 55, 36, 14, 1637453348),
(4253, 6, 66, 41, 8, 1637453348),
(4254, 11, 78, 58, 13, 1637453348),
(4255, 5, 38, 38, 24, 1637453348),
(4256, 8, 76, 36, 11, 1637453348),
(4257, 5, 43, 35, 7, 1637453348),
(4258, 5, 34, 35, 9, 1637453348),
(4259, 7, 49, 36, 22, 1637453348),
(4260, 6, 68, 56, 31, 1637453348),
(4261, 6, 53, 39, 14, 1637453348),
(4262, 7, 50, 37, 17, 1637453348),
(4263, 5, 37, 38, 9, 1637453348),
(4264, 11, 79, 46, 15, 1637453348),
(4265, 12, 92, 47, 16, 1637453348),
(4266, 10, 61, 55, 30, 1637453348),
(4267, 5, 42, 35, 7, 1637453348),
(4268, 12, 95, 54, 16, 1637453348),
(4269, 5, 32, 35, 9, 1637453348),
(4270, 6, 58, 53, 14, 1637453348),
(4271, 9, 87, 51, 30, 1637453348),
(4272, 7, 52, 37, 18, 1637453348),
(4273, 9, 84, 40, 30, 1637453348),
(4274, 8, 75, 39, 11, 1637453348),
(4275, 5, 34, 35, 9, 1637453348),
(4276, 7, 49, 36, 22, 1637453348),
(4277, 6, 68, 56, 31, 1637453348),
(4278, 5, 45, 35, 28, 1637453348),
(4279, 6, 56, 36, 8, 1637453348),
(4280, 5, 44, 35, 9, 1637453348),
(4281, 5, 43, 35, 7, 1637539748),
(4282, 10, 64, 45, 30, 1637539748),
(4283, 12, 95, 54, 16, 1637539748),
(4284, 5, 27, 35, 13, 1637539748),
(4285, 7, 50, 37, 17, 1637539748),
(4286, 5, 36, 44, 7, 1637539748),
(4287, 11, 78, 58, 13, 1637539748),
(4288, 5, 37, 38, 9, 1637539748),
(4289, 12, 98, 54, 16, 1637539748),
(4290, 10, 64, 45, 30, 1637539748),
(4291, 5, 32, 35, 9, 1637539748),
(4292, 5, 25, 35, 7, 1637539748),
(4293, 10, 60, 55, 30, 1637539748),
(4294, 9, 90, 50, 30, 1637539748),
(4295, 9, 89, 50, 30, 1637539748),
(4296, 6, 56, 36, 8, 1637539748),
(4297, 9, 90, 50, 30, 1637539748),
(4298, 8, 77, 39, 11, 1637539748),
(4299, 5, 43, 35, 7, 1637539748),
(4300, 5, 35, 35, 9, 1637539748),
(4301, 5, 38, 38, 24, 1637539748),
(4302, 8, 75, 39, 11, 1637539748),
(4303, 11, 78, 58, 13, 1637539748),
(4304, 8, 76, 36, 11, 1637539748),
(4305, 9, 86, 51, 30, 1637539748),
(4306, 8, 73, 39, 21, 1637539748),
(4307, 5, 36, 44, 7, 1637539748),
(4308, 7, 52, 37, 18, 1637539748),
(4309, 6, 54, 39, 8, 1637539748),
(4310, 9, 84, 40, 30, 1637539748),
(4311, 5, 41, 35, 7, 1637539748),
(4312, 5, 30, 35, 13, 1637539748),
(4313, 9, 89, 50, 30, 1637539748),
(4314, 6, 56, 36, 8, 1637539748),
(4315, 9, 90, 50, 30, 1637539748),
(4316, 12, 93, 47, 16, 1637539748),
(4317, 5, 25, 35, 7, 1637539748),
(4318, 12, 93, 47, 16, 1637539748),
(4319, 8, 75, 39, 11, 1637539748),
(4320, 5, 43, 35, 7, 1637539748),
(4321, 6, 54, 39, 8, 1637539748),
(4322, 5, 37, 38, 9, 1637539748),
(4323, 9, 83, 40, 30, 1637539748),
(4324, 10, 62, 57, 30, 1637539748),
(4325, 7, 52, 37, 18, 1637539748),
(4326, 5, 38, 38, 24, 1637539748),
(4327, 5, 28, 43, 13, 1637539748),
(4328, 11, 78, 58, 13, 1637539748),
(4329, 7, 51, 49, 18, 1637539748),
(4330, 6, 70, 39, 8, 1637539748),
(4331, 10, 62, 57, 30, 1637539748),
(4332, 5, 45, 35, 28, 1637539748),
(4333, 5, 32, 35, 9, 1637539748),
(4334, 5, 38, 38, 24, 1637539748),
(4335, 5, 41, 35, 7, 1637539748),
(4336, 11, 80, 52, 15, 1637539748),
(4337, 11, 79, 46, 15, 1637539748),
(4338, 6, 58, 53, 14, 1637539748),
(4339, 9, 91, 61, 30, 1637539748),
(4340, 6, 56, 36, 8, 1637539748),
(4341, 5, 43, 35, 7, 1637539748),
(4342, 6, 69, 56, 32, 1637539748),
(4343, 6, 54, 39, 8, 1637539748),
(4344, 6, 54, 39, 8, 1637539748),
(4345, 5, 24, 38, 7, 1637539748),
(4346, 5, 23, 35, 7, 1637539748),
(4347, 7, 51, 49, 18, 1637539748),
(4348, 6, 53, 39, 14, 1637539748),
(4349, 6, 54, 39, 8, 1637539748),
(4350, 5, 25, 35, 7, 1637539748),
(4351, 12, 92, 47, 16, 1637539748),
(4352, 9, 87, 51, 30, 1637539748),
(4353, 10, 63, 57, 30, 1637539748),
(4354, 11, 78, 58, 13, 1637539748),
(4355, 5, 29, 44, 13, 1637539748),
(4356, 10, 62, 57, 30, 1637539748),
(4357, 9, 89, 50, 30, 1637539748),
(4358, 10, 62, 57, 30, 1637539748),
(4359, 5, 43, 35, 7, 1637539748),
(4360, 10, 62, 57, 30, 1637539748),
(4361, 8, 75, 39, 11, 1637539748),
(4362, 5, 43, 35, 7, 1637539748),
(4363, 5, 32, 35, 9, 1637539748),
(4364, 5, 36, 44, 7, 1637539748),
(4365, 8, 75, 39, 11, 1637626148),
(4366, 9, 84, 40, 30, 1637626148),
(4367, 11, 80, 52, 15, 1637626148),
(4368, 6, 54, 39, 8, 1637626148),
(4369, 6, 56, 36, 8, 1637626148),
(4370, 5, 29, 44, 13, 1637626148),
(4371, 8, 77, 39, 11, 1637626148),
(4372, 11, 82, 46, 7, 1637626148),
(4373, 11, 78, 58, 13, 1637626148),
(4374, 5, 26, 35, 7, 1637626148),
(4375, 5, 44, 35, 9, 1637626148),
(4376, 11, 79, 46, 15, 1637626148),
(4377, 5, 30, 35, 13, 1637626148),
(4378, 5, 42, 35, 7, 1637626148),
(4379, 5, 36, 44, 7, 1637626148),
(4380, 5, 43, 35, 7, 1637626148),
(4381, 6, 71, 42, 12, 1637626148),
(4382, 7, 52, 37, 18, 1637626148),
(4383, 6, 56, 36, 8, 1637626148),
(4384, 5, 37, 38, 9, 1637626148),
(4385, 8, 75, 39, 11, 1637626148),
(4386, 5, 44, 35, 9, 1637626148),
(4387, 7, 52, 37, 18, 1637626148),
(4388, 8, 76, 36, 11, 1637626148),
(4389, 6, 56, 36, 8, 1637626148),
(4390, 9, 86, 51, 30, 1637626148),
(4391, 11, 81, 50, 15, 1637626148),
(4392, 5, 28, 43, 13, 1637626148),
(4393, 5, 45, 35, 28, 1637626148),
(4394, 9, 89, 50, 30, 1637626148),
(4395, 5, 35, 35, 9, 1637626148),
(4396, 5, 31, 48, 13, 1637626148),
(4397, 9, 86, 51, 30, 1637626148),
(4398, 6, 58, 53, 14, 1637626148),
(4399, 5, 38, 38, 24, 1637626148),
(4400, 12, 98, 54, 16, 1637626148),
(4401, 5, 43, 35, 7, 1637626148),
(4402, 8, 75, 39, 11, 1637626148),
(4403, 7, 52, 37, 18, 1637626148),
(4404, 12, 93, 47, 16, 1637626148),
(4405, 6, 53, 39, 14, 1637626148),
(4406, 5, 32, 35, 9, 1637626148),
(4407, 9, 84, 40, 30, 1637626148),
(4408, 8, 76, 36, 11, 1637626148),
(4409, 6, 56, 36, 8, 1637626148),
(4410, 6, 56, 36, 8, 1637626148),
(4411, 5, 40, 35, 24, 1637626148),
(4412, 5, 38, 38, 24, 1637626148),
(4413, 5, 37, 38, 9, 1637626148),
(4414, 5, 34, 35, 9, 1637626148),
(4415, 7, 49, 36, 22, 1637626148),
(4416, 6, 68, 56, 31, 1637626148),
(4417, 5, 32, 35, 9, 1637626148),
(4418, 12, 98, 54, 16, 1637626148),
(4419, 5, 38, 38, 24, 1637626148),
(4420, 6, 59, 53, 23, 1637626148),
(4421, 10, 62, 57, 30, 1637626148),
(4422, 9, 90, 50, 30, 1637626148),
(4423, 8, 73, 39, 21, 1637626148),
(4424, 9, 86, 51, 30, 1637626148),
(4425, 5, 43, 35, 7, 1637626148),
(4426, 6, 54, 39, 8, 1637626148),
(4427, 5, 40, 35, 24, 1637626148),
(4428, 7, 52, 37, 18, 1637626148),
(4429, 6, 56, 36, 8, 1637626148),
(4430, 10, 60, 55, 30, 1637626148),
(4431, 11, 80, 52, 15, 1637626148),
(4432, 6, 69, 56, 32, 1637626148),
(4433, 8, 75, 39, 11, 1637626148),
(4434, 5, 41, 35, 7, 1637626148),
(4435, 5, 24, 38, 7, 1637626148),
(4436, 6, 72, 39, 8, 1637626148),
(4437, 12, 96, 54, 20, 1637626148),
(4438, 5, 43, 35, 7, 1637712548),
(4439, 5, 28, 43, 13, 1637712548),
(4440, 5, 43, 35, 7, 1637712548),
(4441, 5, 44, 35, 9, 1637712548),
(4442, 7, 52, 37, 18, 1637712548),
(4443, 7, 51, 49, 18, 1637712548),
(4444, 5, 24, 38, 7, 1637712548),
(4445, 6, 55, 36, 14, 1637712548),
(4446, 9, 86, 51, 30, 1637712548),
(4447, 6, 54, 39, 8, 1637712548),
(4448, 8, 75, 39, 11, 1637712548),
(4449, 5, 44, 35, 9, 1637712548),
(4450, 5, 37, 38, 9, 1637712548),
(4451, 9, 86, 51, 30, 1637712548),
(4452, 11, 78, 58, 13, 1637712548),
(4453, 6, 67, 41, 8, 1637712548),
(4454, 9, 88, 46, 30, 1637712548),
(4455, 6, 56, 36, 8, 1637712548),
(4456, 6, 56, 36, 8, 1637712548),
(4457, 8, 77, 39, 11, 1637712548),
(4458, 5, 25, 35, 7, 1637712548),
(4459, 10, 64, 45, 30, 1637712548),
(4460, 5, 43, 35, 7, 1637712548),
(4461, 9, 91, 61, 30, 1637712548),
(4462, 10, 61, 55, 30, 1637712548),
(4463, 7, 52, 37, 18, 1637712548),
(4464, 9, 86, 51, 30, 1637712548),
(4465, 6, 53, 39, 14, 1637712548),
(4466, 7, 48, 36, 22, 1637712548),
(4467, 8, 75, 39, 11, 1637712548),
(4468, 8, 74, 59, 11, 1637712548),
(4469, 12, 92, 47, 16, 1637712548),
(4470, 9, 85, 51, 30, 1637712548),
(4471, 5, 32, 35, 9, 1637712548),
(4472, 6, 67, 41, 8, 1637712548),
(4473, 6, 56, 36, 8, 1637712548),
(4474, 11, 79, 46, 15, 1637712548),
(4475, 6, 58, 53, 14, 1637712548),
(4476, 9, 91, 61, 30, 1637712548),
(4477, 9, 87, 51, 30, 1637712548),
(4478, 9, 86, 51, 30, 1637712548),
(4479, 8, 76, 36, 11, 1637712548),
(4480, 8, 73, 39, 21, 1637712548),
(4481, 5, 43, 35, 7, 1637712548),
(4482, 5, 23, 35, 7, 1637712548),
(4483, 10, 63, 57, 30, 1637712548),
(4484, 9, 90, 50, 30, 1637712548),
(4485, 5, 25, 35, 7, 1637712548),
(4486, 6, 56, 36, 8, 1637712548),
(4487, 5, 32, 35, 9, 1637712548),
(4488, 6, 70, 39, 8, 1637712548),
(4489, 5, 32, 35, 9, 1637712548),
(4490, 5, 35, 35, 9, 1637712548),
(4491, 9, 88, 46, 30, 1637712548),
(4492, 6, 66, 41, 8, 1637712548),
(4493, 7, 52, 37, 18, 1637712548),
(4494, 5, 38, 38, 24, 1637712548),
(4495, 7, 50, 37, 17, 1637712548),
(4496, 6, 54, 39, 8, 1637712548),
(4497, 5, 24, 38, 7, 1637712548),
(4498, 8, 75, 39, 11, 1637712548),
(4499, 8, 76, 36, 11, 1637712548),
(4500, 5, 41, 35, 7, 1637712548),
(4501, 5, 26, 35, 7, 1637712548),
(4502, 5, 43, 35, 7, 1637712548),
(4503, 9, 86, 51, 30, 1637712548),
(4504, 5, 41, 35, 7, 1637712548),
(4505, 5, 33, 35, 9, 1637712548),
(4506, 5, 29, 44, 13, 1637712548),
(4507, 9, 87, 51, 30, 1637712548),
(4508, 12, 95, 54, 16, 1637712548),
(4509, 9, 88, 46, 30, 1637712548),
(4510, 12, 93, 47, 16, 1637712548),
(4511, 11, 80, 52, 15, 1637798948),
(4512, 5, 23, 35, 7, 1637798948),
(4513, 9, 84, 40, 30, 1637798948),
(4514, 6, 53, 39, 14, 1637798948),
(4515, 5, 28, 43, 13, 1637798948),
(4516, 6, 59, 53, 23, 1637798948),
(4517, 5, 37, 38, 9, 1637798948),
(4518, 6, 69, 56, 32, 1637798948),
(4519, 6, 69, 56, 32, 1637798948),
(4520, 5, 25, 35, 7, 1637798948),
(4521, 9, 90, 50, 30, 1637798948),
(4522, 5, 37, 38, 9, 1637798948),
(4523, 5, 43, 35, 7, 1637798948),
(4524, 5, 38, 38, 24, 1637798948),
(4525, 5, 42, 35, 7, 1637798948),
(4526, 5, 23, 35, 7, 1637798948),
(4527, 5, 23, 35, 7, 1637798948),
(4528, 6, 53, 39, 14, 1637798948),
(4529, 9, 90, 50, 30, 1637798948),
(4530, 5, 30, 35, 13, 1637798948),
(4531, 5, 29, 44, 13, 1637798948),
(4532, 6, 54, 39, 8, 1637798948),
(4533, 8, 75, 39, 11, 1637798948),
(4534, 8, 75, 39, 11, 1637798948),
(4535, 8, 75, 39, 11, 1637798948),
(4536, 7, 52, 37, 18, 1637798948),
(4537, 5, 36, 44, 7, 1637798948),
(4538, 8, 75, 39, 11, 1637798948),
(4539, 12, 92, 47, 16, 1637798948),
(4540, 5, 32, 35, 9, 1637798948),
(4541, 9, 91, 61, 30, 1637798948),
(4542, 5, 36, 44, 7, 1637798948),
(4543, 8, 75, 39, 11, 1637798948),
(4544, 5, 43, 35, 7, 1637798948),
(4545, 6, 54, 39, 8, 1637798948),
(4546, 5, 36, 44, 7, 1637798948),
(4547, 5, 45, 35, 28, 1637798948),
(4548, 5, 36, 44, 7, 1637798948),
(4549, 11, 78, 58, 13, 1637798948),
(4550, 9, 86, 51, 30, 1637798948),
(4551, 6, 54, 39, 8, 1637798948),
(4552, 6, 54, 39, 8, 1637798948),
(4553, 5, 37, 38, 9, 1637798948),
(4554, 12, 92, 47, 16, 1637798948),
(4555, 10, 64, 45, 30, 1637798948),
(4556, 11, 79, 46, 15, 1637798948),
(4557, 5, 30, 35, 13, 1637798948),
(4558, 6, 70, 39, 8, 1637798948),
(4559, 11, 79, 46, 15, 1637798948),
(4560, 5, 28, 43, 13, 1637798948),
(4561, 11, 82, 46, 7, 1637798948),
(4562, 7, 52, 37, 18, 1637798948),
(4563, 9, 86, 51, 30, 1637798948),
(4564, 8, 77, 39, 11, 1637798948),
(4565, 5, 43, 35, 7, 1637798948),
(4566, 5, 37, 38, 9, 1637798948),
(4567, 5, 27, 35, 13, 1637798948),
(4568, 5, 43, 35, 7, 1637798948),
(4569, 5, 28, 43, 13, 1637798948),
(4570, 10, 65, 38, 30, 1637798948),
(4571, 5, 41, 35, 7, 1637798948),
(4572, 5, 26, 35, 7, 1637798948),
(4573, 7, 50, 37, 17, 1637798948),
(4574, 8, 75, 39, 11, 1637798948),
(4575, 9, 90, 50, 30, 1637798948),
(4576, 7, 50, 37, 17, 1637798948),
(4577, 9, 90, 50, 30, 1637798948),
(4578, 5, 24, 38, 7, 1637798948),
(4579, 5, 44, 35, 9, 1637798948),
(4580, 5, 32, 35, 9, 1637798948),
(4581, 10, 63, 57, 30, 1637798948),
(4582, 9, 90, 50, 30, 1637798948),
(4583, 5, 43, 35, 7, 1637798948),
(4584, 12, 98, 54, 16, 1637798948),
(4585, 5, 35, 35, 9, 1637798948),
(4586, 9, 84, 40, 30, 1637798948),
(4587, 5, 38, 38, 24, 1637798948),
(4588, 5, 24, 38, 7, 1637798948),
(4589, 9, 86, 51, 30, 1637798948),
(4590, 5, 27, 35, 13, 1637798948),
(4591, 9, 90, 50, 30, 1637798948),
(4592, 5, 28, 43, 13, 1637885348),
(4593, 5, 31, 48, 13, 1637885348),
(4594, 9, 86, 51, 30, 1637885348);
INSERT INTO `penjualan` (`id`, `kategoriId`, `produkId`, `merkId`, `sizeId`, `tgl_penjualan`) VALUES
(4595, 10, 62, 57, 30, 1637885348),
(4596, 8, 75, 39, 11, 1637885348),
(4597, 6, 59, 53, 23, 1637885348),
(4598, 6, 59, 53, 23, 1637885348),
(4599, 11, 79, 46, 15, 1637885348),
(4600, 6, 58, 53, 14, 1637885348),
(4601, 9, 91, 61, 30, 1637885348),
(4602, 5, 25, 35, 7, 1637885348),
(4603, 10, 64, 45, 30, 1637885348),
(4604, 5, 29, 44, 13, 1637885348),
(4605, 6, 54, 39, 8, 1637885348),
(4606, 11, 78, 58, 13, 1637885348),
(4607, 5, 43, 35, 7, 1637885348),
(4608, 6, 56, 36, 8, 1637885348),
(4609, 5, 26, 35, 7, 1637885348),
(4610, 6, 67, 41, 8, 1637885348),
(4611, 5, 37, 38, 9, 1637885348),
(4612, 9, 90, 50, 30, 1637885348),
(4613, 9, 89, 50, 30, 1637885348),
(4614, 9, 90, 50, 30, 1637885348),
(4615, 6, 56, 36, 8, 1637885348),
(4616, 9, 86, 51, 30, 1637885348),
(4617, 8, 76, 36, 11, 1637885348),
(4618, 7, 52, 37, 18, 1637885348),
(4619, 5, 38, 38, 24, 1637885348),
(4620, 8, 75, 39, 11, 1637885348),
(4621, 9, 88, 46, 30, 1637885348),
(4622, 5, 29, 44, 13, 1637885348),
(4623, 7, 52, 37, 18, 1637885348),
(4624, 12, 93, 47, 16, 1637885348),
(4625, 9, 91, 61, 30, 1637885348),
(4626, 5, 23, 35, 7, 1637885348),
(4627, 7, 51, 49, 18, 1637885348),
(4628, 5, 43, 35, 7, 1637885348),
(4629, 6, 59, 53, 23, 1637885348),
(4630, 5, 24, 38, 7, 1637885348),
(4631, 9, 88, 46, 30, 1637885348),
(4632, 12, 95, 54, 16, 1637885348),
(4633, 9, 90, 50, 30, 1637885348),
(4634, 5, 25, 35, 7, 1637885348),
(4635, 5, 25, 35, 7, 1637885348),
(4636, 9, 87, 51, 30, 1637885348),
(4637, 11, 80, 52, 15, 1637885348),
(4638, 6, 69, 56, 32, 1637885348),
(4639, 9, 90, 50, 30, 1637885348),
(4640, 5, 32, 35, 9, 1637885348),
(4641, 8, 75, 39, 11, 1637885348),
(4642, 5, 38, 38, 24, 1637885348),
(4643, 12, 98, 54, 16, 1637885348),
(4644, 6, 70, 39, 8, 1637885348),
(4645, 5, 32, 35, 9, 1637885348),
(4646, 10, 63, 57, 30, 1637885348),
(4647, 5, 24, 38, 7, 1637885348),
(4648, 10, 63, 57, 30, 1637885348),
(4649, 5, 43, 35, 7, 1637885348),
(4650, 9, 90, 50, 30, 1637885348),
(4651, 9, 84, 40, 30, 1637885348),
(4652, 9, 90, 50, 30, 1637885348),
(4653, 6, 53, 39, 14, 1637885348),
(4654, 9, 90, 50, 30, 1637885348),
(4655, 5, 35, 35, 9, 1637885348),
(4656, 5, 23, 35, 7, 1637885348),
(4657, 7, 50, 37, 17, 1637885348),
(4658, 6, 54, 39, 8, 1637885348),
(4659, 8, 75, 39, 11, 1637885348),
(4660, 5, 36, 44, 7, 1637885348),
(4661, 5, 34, 35, 9, 1637971748),
(4662, 7, 49, 36, 22, 1637971748),
(4663, 6, 68, 56, 31, 1637971748),
(4664, 5, 37, 38, 9, 1637971748),
(4665, 5, 38, 38, 24, 1637971748),
(4666, 5, 36, 44, 7, 1637971748),
(4667, 8, 75, 39, 11, 1637971748),
(4668, 7, 51, 49, 18, 1637971748),
(4669, 5, 41, 35, 7, 1637971748),
(4670, 5, 43, 35, 7, 1637971748),
(4671, 10, 63, 57, 30, 1637971748),
(4672, 9, 90, 50, 30, 1637971748),
(4673, 9, 89, 50, 30, 1637971748),
(4674, 9, 90, 50, 30, 1637971748),
(4675, 5, 25, 35, 7, 1637971748),
(4676, 8, 73, 39, 21, 1637971748),
(4677, 6, 55, 36, 14, 1637971748),
(4678, 5, 43, 35, 7, 1637971748),
(4679, 6, 66, 41, 8, 1637971748),
(4680, 8, 75, 39, 11, 1637971748),
(4681, 5, 41, 35, 7, 1637971748),
(4682, 9, 85, 51, 30, 1637971748),
(4683, 5, 31, 48, 13, 1637971748),
(4684, 7, 52, 37, 18, 1637971748),
(4685, 12, 95, 54, 16, 1637971748),
(4686, 9, 83, 40, 30, 1637971748),
(4687, 5, 37, 38, 9, 1637971748),
(4688, 5, 44, 35, 9, 1637971748),
(4689, 5, 28, 43, 13, 1637971748),
(4690, 12, 98, 54, 16, 1637971748),
(4691, 5, 43, 35, 7, 1637971748),
(4692, 7, 52, 37, 18, 1637971748),
(4693, 5, 31, 48, 13, 1637971748),
(4694, 5, 26, 35, 7, 1637971748),
(4695, 5, 44, 35, 9, 1637971748),
(4696, 6, 58, 53, 14, 1637971748),
(4697, 6, 56, 36, 8, 1637971748),
(4698, 6, 56, 36, 8, 1637971748),
(4699, 5, 32, 35, 9, 1637971748),
(4700, 7, 50, 37, 17, 1637971748),
(4701, 8, 75, 39, 11, 1637971748),
(4702, 6, 53, 39, 14, 1637971748),
(4703, 5, 40, 35, 24, 1637971748),
(4704, 6, 53, 39, 14, 1637971748),
(4705, 5, 35, 35, 9, 1637971748),
(4706, 9, 86, 51, 30, 1637971748),
(4707, 6, 54, 39, 8, 1637971748),
(4708, 5, 29, 44, 13, 1637971748),
(4709, 9, 84, 40, 30, 1637971748),
(4710, 10, 64, 45, 30, 1637971748),
(4711, 11, 79, 46, 15, 1637971748),
(4712, 5, 43, 35, 7, 1637971748),
(4713, 10, 60, 55, 30, 1637971748),
(4714, 12, 96, 54, 20, 1637971748),
(4715, 11, 78, 58, 13, 1637971748),
(4716, 6, 67, 41, 8, 1637971748),
(4717, 10, 60, 55, 30, 1637971748),
(4718, 9, 90, 50, 30, 1637971748),
(4719, 6, 66, 41, 8, 1637971748),
(4720, 9, 91, 61, 30, 1637971748),
(4721, 5, 43, 35, 7, 1637971748),
(4722, 6, 55, 36, 14, 1637971748),
(4723, 9, 87, 51, 30, 1637971748),
(4724, 6, 56, 36, 8, 1637971748),
(4725, 5, 38, 38, 24, 1637971748),
(4726, 6, 69, 56, 32, 1637971748),
(4727, 12, 94, 47, 33, 1637971748),
(4728, 9, 85, 51, 30, 1637971748),
(4729, 12, 99, 54, 16, 1637971748),
(4730, 5, 23, 35, 7, 1637971748),
(4731, 8, 73, 39, 21, 1637971748),
(4732, 5, 23, 35, 7, 1637971748),
(4733, 10, 62, 57, 30, 1637971748),
(4734, 7, 52, 37, 18, 1637971748),
(4735, 5, 38, 38, 24, 1637971748),
(4736, 8, 76, 36, 11, 1637971748),
(4737, 12, 94, 47, 33, 1637971748),
(4738, 6, 58, 53, 14, 1637971748),
(4739, 9, 90, 50, 30, 1637971748),
(4740, 5, 35, 35, 9, 1637971748),
(4741, 5, 32, 35, 9, 1637971748),
(4742, 7, 48, 36, 22, 1637971748),
(4743, 6, 56, 36, 8, 1637971748),
(4744, 5, 24, 38, 7, 1637971748),
(4745, 5, 41, 35, 7, 1638058148),
(4746, 5, 25, 35, 7, 1638058148),
(4747, 12, 92, 47, 16, 1638058148),
(4748, 5, 28, 43, 13, 1638058148),
(4749, 10, 61, 55, 30, 1638058148),
(4750, 7, 51, 49, 18, 1638058148),
(4751, 9, 90, 50, 30, 1638058148),
(4752, 8, 75, 39, 11, 1638058148),
(4753, 6, 70, 39, 8, 1638058148),
(4754, 11, 79, 46, 15, 1638058148),
(4755, 12, 93, 47, 16, 1638058148),
(4756, 12, 95, 54, 16, 1638058148),
(4757, 5, 36, 44, 7, 1638058148),
(4758, 12, 95, 54, 16, 1638058148),
(4759, 5, 41, 35, 7, 1638058148),
(4760, 5, 36, 44, 7, 1638058148),
(4761, 8, 75, 39, 11, 1638058148),
(4762, 5, 37, 38, 9, 1638058148),
(4763, 11, 79, 46, 15, 1638058148),
(4764, 6, 58, 53, 14, 1638058148),
(4765, 9, 91, 61, 30, 1638058148),
(4766, 11, 82, 46, 7, 1638058148),
(4767, 9, 88, 46, 30, 1638058148),
(4768, 6, 54, 39, 8, 1638058148),
(4769, 9, 86, 51, 30, 1638058148),
(4770, 5, 43, 35, 7, 1638058148),
(4771, 9, 90, 50, 30, 1638058148),
(4772, 5, 43, 35, 7, 1638058148),
(4773, 5, 37, 38, 9, 1638058148),
(4774, 10, 63, 57, 30, 1638058148),
(4775, 9, 84, 40, 30, 1638058148),
(4776, 5, 36, 44, 7, 1638058148),
(4777, 7, 50, 37, 17, 1638058148),
(4778, 6, 70, 39, 8, 1638058148),
(4779, 5, 32, 35, 9, 1638058148),
(4780, 5, 44, 35, 9, 1638058148),
(4781, 5, 29, 44, 13, 1638058148),
(4782, 6, 69, 56, 32, 1638058148),
(4783, 12, 92, 47, 16, 1638058148),
(4784, 9, 85, 51, 30, 1638058148),
(4785, 5, 28, 43, 13, 1638058148),
(4786, 10, 60, 55, 30, 1638058148),
(4787, 5, 32, 35, 9, 1638058148),
(4788, 5, 38, 38, 24, 1638058148),
(4789, 12, 98, 54, 16, 1638058148),
(4790, 6, 59, 53, 23, 1638058148),
(4791, 5, 23, 35, 7, 1638058148),
(4792, 7, 51, 49, 18, 1638058148),
(4793, 6, 56, 36, 8, 1638058148),
(4794, 6, 56, 36, 8, 1638058148),
(4795, 8, 75, 39, 11, 1638058148),
(4796, 5, 43, 35, 7, 1638058148),
(4797, 5, 36, 44, 7, 1638058148),
(4798, 5, 32, 35, 9, 1638058148),
(4799, 8, 73, 39, 21, 1638058148),
(4800, 6, 53, 39, 14, 1638058148),
(4801, 9, 90, 50, 30, 1638058148),
(4802, 8, 77, 39, 11, 1638058148),
(4803, 5, 27, 35, 13, 1638058148),
(4804, 5, 35, 35, 9, 1638058148),
(4805, 9, 89, 50, 30, 1638058148),
(4806, 11, 79, 46, 15, 1638058148),
(4807, 6, 58, 53, 14, 1638058148),
(4808, 9, 91, 61, 30, 1638058148),
(4809, 9, 84, 40, 30, 1638058148),
(4810, 6, 56, 36, 8, 1638058148),
(4811, 6, 70, 39, 8, 1638058148),
(4812, 9, 87, 51, 30, 1638058148),
(4813, 5, 25, 35, 7, 1638058148),
(4814, 8, 77, 39, 11, 1638058148),
(4815, 5, 31, 48, 13, 1638058148),
(4816, 11, 78, 58, 13, 1638058148),
(4817, 5, 43, 35, 7, 1638144548),
(4818, 9, 90, 50, 30, 1638144548),
(4819, 9, 84, 40, 30, 1638144548),
(4820, 5, 23, 35, 7, 1638144548),
(4821, 11, 82, 46, 7, 1638144548),
(4822, 7, 51, 49, 18, 1638144548),
(4823, 5, 29, 44, 13, 1638144548),
(4824, 6, 69, 56, 32, 1638144548),
(4825, 9, 83, 40, 30, 1638144548),
(4826, 5, 29, 44, 13, 1638144548),
(4827, 9, 86, 51, 30, 1638144548),
(4828, 6, 54, 39, 8, 1638144548),
(4829, 5, 30, 35, 13, 1638144548),
(4830, 12, 92, 47, 16, 1638144548),
(4831, 5, 43, 35, 7, 1638144548),
(4832, 6, 55, 36, 14, 1638144548),
(4833, 5, 25, 35, 7, 1638144548),
(4834, 6, 59, 53, 23, 1638144548),
(4835, 5, 31, 48, 13, 1638144548),
(4836, 10, 63, 57, 30, 1638144548),
(4837, 5, 24, 38, 7, 1638144548),
(4838, 5, 43, 35, 7, 1638144548),
(4839, 5, 35, 35, 9, 1638144548),
(4840, 11, 78, 58, 13, 1638144548),
(4841, 9, 86, 51, 30, 1638144548),
(4842, 11, 82, 46, 7, 1638144548),
(4843, 6, 56, 36, 8, 1638144548),
(4844, 5, 34, 35, 9, 1638144548),
(4845, 7, 49, 36, 22, 1638144548),
(4846, 6, 68, 56, 31, 1638144548),
(4847, 12, 94, 47, 33, 1638144548),
(4848, 11, 78, 58, 13, 1638144548),
(4849, 5, 32, 35, 9, 1638144548),
(4850, 6, 55, 36, 14, 1638144548),
(4851, 5, 29, 44, 13, 1638144548),
(4852, 8, 77, 39, 11, 1638144548),
(4853, 5, 33, 35, 9, 1638144548),
(4854, 5, 26, 35, 7, 1638144548),
(4855, 9, 88, 46, 30, 1638144548),
(4856, 6, 67, 41, 8, 1638144548),
(4857, 11, 79, 46, 15, 1638144548),
(4858, 12, 96, 54, 20, 1638144548),
(4859, 9, 84, 40, 30, 1638144548),
(4860, 9, 86, 51, 30, 1638144548),
(4861, 5, 28, 43, 13, 1638144548),
(4862, 6, 56, 36, 8, 1638144548),
(4863, 5, 38, 38, 24, 1638144548),
(4864, 10, 62, 57, 30, 1638144548),
(4865, 5, 36, 44, 7, 1638144548),
(4866, 8, 75, 39, 11, 1638144548),
(4867, 5, 29, 44, 13, 1638144548),
(4868, 5, 45, 35, 28, 1638144548),
(4869, 12, 93, 47, 16, 1638144548),
(4870, 5, 41, 35, 7, 1638144548),
(4871, 6, 56, 36, 8, 1638144548),
(4872, 5, 23, 35, 7, 1638144548),
(4873, 7, 52, 37, 18, 1638144548),
(4874, 5, 38, 38, 24, 1638144548),
(4875, 8, 76, 36, 11, 1638144548),
(4876, 13, 47, 43, 19, 1638144548),
(4877, 6, 69, 56, 32, 1638144548),
(4878, 9, 86, 51, 30, 1638144548),
(4879, 5, 43, 35, 7, 1638144548),
(4880, 10, 64, 45, 30, 1638144548),
(4881, 8, 75, 39, 11, 1638144548),
(4882, 11, 80, 52, 15, 1638144548),
(4883, 5, 44, 35, 9, 1638144548),
(4884, 8, 75, 39, 11, 1638144548),
(4885, 6, 54, 39, 8, 1638144548),
(4886, 8, 75, 39, 11, 1638144548),
(4887, 9, 90, 50, 30, 1638144548),
(4888, 5, 24, 38, 7, 1638144548),
(4889, 9, 86, 51, 30, 1638144548),
(4890, 5, 38, 38, 24, 1638144548),
(4891, 9, 91, 61, 30, 1638144548),
(4892, 5, 28, 43, 13, 1638144548),
(4893, 10, 63, 57, 30, 1638144548),
(4894, 9, 89, 50, 30, 1638144548),
(4895, 10, 61, 55, 30, 1638144548),
(4896, 5, 28, 43, 13, 1638144548),
(4897, 10, 60, 55, 30, 1638144548),
(4898, 5, 28, 43, 13, 1638144548),
(4899, 7, 52, 37, 18, 1638144548),
(4900, 5, 41, 35, 7, 1638144548),
(4901, 5, 31, 48, 13, 1638144548),
(4902, 10, 63, 57, 30, 1638144548),
(4903, 5, 43, 35, 7, 1638144548),
(4904, 7, 52, 37, 18, 1638144548),
(4905, 5, 31, 48, 13, 1638144548),
(4906, 5, 26, 35, 7, 1638144548),
(4907, 9, 84, 40, 30, 1638144548),
(4908, 5, 23, 35, 7, 1638144548),
(4909, 6, 55, 36, 14, 1638144548),
(4910, 7, 50, 37, 17, 1638230948),
(4911, 9, 86, 51, 30, 1638230948),
(4912, 12, 96, 54, 20, 1638230948),
(4913, 5, 28, 43, 13, 1638230948),
(4914, 5, 29, 44, 13, 1638230948),
(4915, 10, 63, 57, 30, 1638230948),
(4916, 8, 75, 39, 11, 1638230948),
(4917, 5, 44, 35, 9, 1638230948),
(4918, 6, 71, 42, 12, 1638230948),
(4919, 6, 56, 36, 8, 1638230948),
(4920, 12, 98, 54, 16, 1638230948),
(4921, 6, 69, 56, 32, 1638230948),
(4922, 5, 25, 35, 7, 1638230948),
(4923, 5, 32, 35, 9, 1638230948),
(4924, 5, 35, 35, 9, 1638230948),
(4925, 7, 50, 37, 17, 1638230948),
(4926, 5, 25, 35, 7, 1638230948),
(4927, 5, 43, 35, 7, 1638230948),
(4928, 9, 86, 51, 30, 1638230948),
(4929, 6, 54, 39, 8, 1638230948),
(4930, 8, 75, 39, 11, 1638230948),
(4931, 12, 92, 47, 16, 1638230948),
(4932, 5, 43, 35, 7, 1638230948),
(4933, 12, 95, 54, 16, 1638230948),
(4934, 7, 52, 37, 18, 1638230948),
(4935, 5, 38, 38, 24, 1638230948),
(4936, 6, 70, 39, 8, 1638230948),
(4937, 5, 27, 35, 13, 1638230948),
(4938, 9, 90, 50, 30, 1638230948),
(4939, 5, 25, 35, 7, 1638230948),
(4940, 9, 91, 61, 30, 1638230948),
(4941, 6, 69, 56, 32, 1638230948),
(4942, 12, 92, 47, 16, 1638230948),
(4943, 7, 50, 37, 17, 1638230948),
(4944, 5, 25, 35, 7, 1638230948),
(4945, 5, 43, 35, 7, 1638230948),
(4946, 6, 72, 39, 8, 1638230948),
(4947, 5, 29, 44, 13, 1638230948),
(4948, 9, 84, 40, 30, 1638230948),
(4949, 7, 52, 37, 18, 1638230948),
(4950, 5, 38, 38, 24, 1638230948),
(4951, 8, 75, 39, 11, 1638230948),
(4952, 10, 62, 57, 30, 1638230948),
(4953, 9, 84, 40, 30, 1638230948),
(4954, 12, 92, 47, 16, 1638230948),
(4955, 11, 82, 46, 7, 1638230948),
(4956, 11, 80, 52, 15, 1638230948),
(4957, 6, 57, 53, 25, 1638230948),
(4958, 9, 86, 51, 30, 1638230948),
(4959, 10, 63, 57, 30, 1638230948),
(4960, 9, 90, 50, 30, 1638230948),
(4961, 9, 83, 40, 30, 1638230948),
(4962, 6, 54, 39, 8, 1638230948),
(4963, 6, 53, 39, 14, 1638230948),
(4964, 5, 44, 35, 9, 1638230948),
(4965, 10, 60, 55, 30, 1638230948),
(4966, 5, 43, 35, 7, 1638230948),
(4967, 6, 56, 36, 8, 1638230948),
(4968, 6, 59, 53, 23, 1638230948),
(4969, 5, 43, 35, 7, 1638230948),
(4970, 12, 93, 47, 16, 1638230948),
(4971, 7, 51, 49, 18, 1638230948),
(4972, 5, 32, 35, 9, 1638230948),
(4973, 6, 56, 36, 8, 1638230948),
(4974, 8, 76, 36, 11, 1638230948),
(4975, 5, 31, 48, 13, 1638230948),
(4976, 10, 63, 57, 30, 1638230948),
(4977, 9, 83, 40, 30, 1638230948),
(4978, 5, 34, 35, 9, 1638230948),
(4979, 5, 32, 35, 9, 1638230948),
(4980, 10, 65, 38, 30, 1638230948),
(4981, 9, 88, 46, 30, 1638230948),
(4982, 6, 67, 41, 8, 1638230948),
(4983, 5, 45, 35, 28, 1638230948),
(4984, 5, 24, 38, 7, 1638230948),
(4985, 9, 90, 50, 30, 1638230948),
(4986, 9, 89, 50, 30, 1638230948),
(4987, 12, 95, 54, 16, 1638230948),
(4988, 5, 29, 44, 13, 1638230948),
(4989, 7, 49, 36, 22, 1638230948),
(4990, 5, 43, 35, 7, 1638317348),
(4991, 6, 69, 56, 32, 1638317348),
(4992, 6, 56, 36, 8, 1638317348),
(4993, 8, 75, 39, 11, 1638317348),
(4994, 9, 87, 51, 30, 1638317348),
(4995, 6, 72, 39, 8, 1638317348),
(4996, 6, 56, 36, 8, 1638317348),
(4997, 5, 38, 38, 24, 1638317348),
(4998, 5, 26, 35, 7, 1638317348),
(4999, 7, 48, 36, 22, 1638317348),
(5000, 11, 79, 46, 15, 1638317348),
(5001, 5, 38, 38, 24, 1638317348),
(5002, 9, 84, 40, 30, 1638317348),
(5003, 6, 56, 36, 8, 1638317348),
(5004, 5, 45, 35, 28, 1638317348),
(5005, 9, 89, 50, 30, 1638317348),
(5006, 7, 52, 37, 18, 1638317348),
(5007, 5, 38, 38, 24, 1638317348),
(5008, 5, 43, 35, 7, 1638317348),
(5009, 10, 64, 45, 30, 1638317348),
(5010, 10, 63, 57, 30, 1638317348),
(5011, 9, 90, 50, 30, 1638317348),
(5012, 8, 75, 39, 11, 1638317348),
(5013, 5, 36, 44, 7, 1638317348),
(5014, 8, 75, 39, 11, 1638317348),
(5015, 6, 66, 41, 8, 1638317348),
(5016, 7, 50, 37, 17, 1638317348),
(5017, 9, 91, 61, 30, 1638317348),
(5018, 10, 64, 45, 30, 1638317348),
(5019, 10, 64, 45, 30, 1638317348),
(5020, 6, 56, 36, 8, 1638317348),
(5021, 5, 43, 35, 7, 1638317348),
(5022, 6, 58, 53, 14, 1638317348),
(5023, 9, 83, 40, 30, 1638317348),
(5024, 6, 54, 39, 8, 1638317348),
(5025, 12, 99, 54, 16, 1638317348),
(5026, 9, 90, 50, 30, 1638317348),
(5027, 9, 86, 51, 30, 1638317348),
(5028, 8, 75, 39, 11, 1638317348),
(5029, 5, 36, 44, 7, 1638317348),
(5030, 5, 35, 35, 9, 1638317348),
(5031, 6, 69, 56, 32, 1638317348),
(5032, 5, 25, 35, 7, 1638317348),
(5033, 5, 25, 35, 7, 1638317348),
(5034, 5, 32, 35, 9, 1638317348),
(5035, 11, 79, 46, 15, 1638317348),
(5036, 6, 54, 39, 8, 1638317348),
(5037, 5, 45, 35, 28, 1638317348),
(5038, 5, 28, 43, 13, 1638317348),
(5039, 5, 41, 35, 7, 1638317348),
(5040, 11, 82, 46, 7, 1638317348),
(5041, 6, 58, 53, 14, 1638317348),
(5042, 9, 84, 40, 30, 1638317348),
(5043, 6, 56, 36, 8, 1638317348),
(5044, 5, 26, 35, 7, 1638317348),
(5045, 5, 32, 35, 9, 1638317348),
(5046, 10, 62, 57, 30, 1638317348),
(5047, 12, 92, 47, 16, 1638317348),
(5048, 5, 43, 35, 7, 1638317348),
(5049, 7, 52, 37, 18, 1638317348),
(5050, 6, 56, 36, 8, 1638317348),
(5051, 5, 23, 35, 7, 1638317348),
(5052, 11, 80, 52, 15, 1638317348),
(5053, 9, 90, 50, 30, 1638317348),
(5054, 6, 59, 53, 23, 1638317348),
(5055, 8, 77, 39, 11, 1638317348),
(5056, 5, 28, 43, 13, 1638317348),
(5057, 9, 88, 46, 30, 1638317348),
(5058, 11, 82, 46, 7, 1638317348),
(5059, 5, 41, 35, 7, 1638403748),
(5060, 5, 38, 38, 24, 1638403748),
(5061, 5, 32, 35, 9, 1638403748),
(5062, 6, 55, 36, 14, 1638403748),
(5063, 5, 25, 35, 7, 1638403748),
(5064, 5, 30, 35, 13, 1638403748),
(5065, 6, 53, 39, 14, 1638403748),
(5066, 5, 29, 44, 13, 1638403748),
(5067, 7, 48, 36, 22, 1638403748),
(5068, 7, 50, 37, 17, 1638403748),
(5069, 8, 75, 39, 11, 1638403748),
(5070, 11, 78, 58, 13, 1638403748),
(5071, 6, 67, 41, 8, 1638403748),
(5072, 8, 73, 39, 21, 1638403748),
(5073, 9, 90, 50, 30, 1638403748),
(5074, 8, 75, 39, 11, 1638403748),
(5075, 8, 75, 39, 11, 1638403748),
(5076, 6, 67, 41, 8, 1638403748),
(5077, 6, 56, 36, 8, 1638403748),
(5078, 11, 79, 46, 15, 1638403748),
(5079, 5, 33, 35, 9, 1638403748),
(5080, 5, 24, 38, 7, 1638403748),
(5081, 5, 23, 35, 7, 1638403748),
(5082, 5, 44, 35, 9, 1638403748),
(5083, 5, 31, 48, 13, 1638403748),
(5084, 5, 43, 35, 7, 1638403748),
(5085, 5, 38, 38, 24, 1638403748),
(5086, 8, 75, 39, 11, 1638403748),
(5087, 9, 90, 50, 30, 1638403748),
(5088, 8, 76, 36, 11, 1638403748),
(5089, 8, 75, 39, 11, 1638403748),
(5090, 6, 54, 39, 8, 1638403748),
(5091, 9, 88, 46, 30, 1638403748),
(5092, 5, 29, 44, 13, 1638403748),
(5093, 6, 69, 56, 32, 1638403748),
(5094, 12, 94, 47, 33, 1638403748),
(5095, 11, 80, 52, 15, 1638403748),
(5096, 5, 32, 35, 9, 1638403748),
(5097, 8, 75, 39, 11, 1638403748),
(5098, 5, 31, 48, 13, 1638403748),
(5099, 12, 95, 54, 16, 1638403748),
(5100, 5, 41, 35, 7, 1638403748),
(5101, 5, 32, 35, 9, 1638403748),
(5102, 9, 91, 61, 30, 1638403748),
(5103, 9, 84, 40, 30, 1638403748),
(5104, 5, 24, 38, 7, 1638403748),
(5105, 5, 33, 35, 9, 1638403748),
(5106, 5, 28, 43, 13, 1638403748),
(5107, 5, 34, 35, 9, 1638403748),
(5108, 7, 49, 36, 22, 1638403748),
(5109, 6, 68, 56, 31, 1638403748),
(5110, 6, 56, 36, 8, 1638403748),
(5111, 7, 52, 37, 18, 1638403748),
(5112, 9, 85, 51, 30, 1638403748),
(5113, 11, 82, 46, 7, 1638403748),
(5114, 9, 83, 40, 30, 1638403748),
(5115, 9, 90, 50, 30, 1638403748),
(5116, 9, 89, 50, 30, 1638403748),
(5117, 5, 45, 35, 28, 1638403748),
(5118, 5, 28, 43, 13, 1638403748),
(5119, 9, 88, 46, 30, 1638403748),
(5120, 5, 25, 35, 7, 1638403748),
(5121, 6, 55, 36, 14, 1638403748),
(5122, 5, 28, 43, 13, 1638403748),
(5123, 10, 60, 55, 30, 1638403748),
(5124, 10, 62, 57, 30, 1638403748),
(5125, 5, 32, 35, 9, 1638403748),
(5126, 7, 52, 37, 18, 1638403748),
(5127, 9, 86, 51, 30, 1638403748),
(5128, 5, 24, 38, 7, 1638403748),
(5129, 9, 90, 50, 30, 1638403748),
(5130, 5, 37, 38, 9, 1638403748),
(5131, 5, 45, 35, 28, 1638403748),
(5132, 5, 38, 38, 24, 1638403748),
(5133, 11, 82, 46, 7, 1638403748),
(5134, 6, 54, 39, 8, 1638403748),
(5135, 9, 86, 51, 30, 1638403748),
(5136, 9, 88, 46, 30, 1638403748),
(5137, 10, 64, 45, 30, 1638403748),
(5138, 12, 93, 47, 16, 1638403748),
(5139, 10, 63, 57, 30, 1638403748),
(5140, 9, 90, 50, 30, 1638403748),
(5141, 5, 43, 35, 7, 1638403748),
(5142, 5, 35, 35, 9, 1638403748),
(5143, 5, 35, 35, 9, 1638403748),
(5144, 5, 35, 35, 9, 1638403748),
(5145, 11, 79, 46, 15, 1638403748),
(5146, 9, 86, 51, 30, 1638403748),
(5147, 6, 69, 56, 32, 1638403748),
(5148, 6, 56, 36, 8, 1638403748),
(5149, 7, 50, 37, 17, 1638403748),
(5150, 8, 75, 39, 11, 1638403748),
(5151, 11, 79, 46, 15, 1638403748),
(5152, 5, 26, 35, 7, 1638403748),
(5153, 7, 52, 37, 18, 1638403748),
(5154, 5, 38, 38, 24, 1638403748),
(5155, 5, 32, 35, 9, 1638403748),
(5156, 11, 80, 52, 15, 1638403748),
(5157, 6, 57, 53, 25, 1638403748),
(5158, 5, 30, 35, 13, 1638403748),
(5159, 8, 75, 39, 11, 1638490148),
(5160, 5, 36, 44, 7, 1638490148),
(5161, 6, 53, 39, 14, 1638490148),
(5162, 5, 38, 38, 24, 1638490148),
(5163, 5, 35, 35, 9, 1638490148),
(5164, 8, 75, 39, 11, 1638490148),
(5165, 5, 43, 35, 7, 1638490148),
(5166, 5, 29, 44, 13, 1638490148),
(5167, 8, 77, 39, 11, 1638490148),
(5168, 12, 95, 54, 16, 1638490148),
(5169, 5, 32, 35, 9, 1638490148),
(5170, 6, 54, 39, 8, 1638490148),
(5171, 5, 29, 44, 13, 1638490148),
(5172, 10, 63, 57, 30, 1638490148),
(5173, 7, 50, 37, 17, 1638490148),
(5174, 8, 75, 39, 11, 1638490148),
(5175, 8, 76, 36, 11, 1638490148),
(5176, 5, 25, 35, 7, 1638490148),
(5177, 5, 32, 35, 9, 1638490148),
(5178, 5, 28, 43, 13, 1638490148),
(5179, 5, 24, 38, 7, 1638490148),
(5180, 5, 32, 35, 9, 1638490148),
(5181, 12, 92, 47, 16, 1638490148),
(5182, 9, 87, 51, 30, 1638490148),
(5183, 6, 70, 39, 8, 1638490148),
(5184, 5, 36, 44, 7, 1638490148),
(5185, 8, 75, 39, 11, 1638490148),
(5186, 5, 27, 35, 13, 1638490148),
(5187, 7, 52, 37, 18, 1638490148),
(5188, 9, 86, 51, 30, 1638490148),
(5189, 5, 43, 35, 7, 1638490148),
(5190, 6, 59, 53, 23, 1638490148),
(5191, 6, 54, 39, 8, 1638490148),
(5192, 5, 31, 48, 13, 1638490148),
(5193, 9, 84, 40, 30, 1638490148),
(5194, 5, 38, 38, 24, 1638490148),
(5195, 8, 77, 39, 11, 1638490148),
(5196, 5, 38, 38, 24, 1638490148),
(5197, 7, 50, 37, 17, 1638490148),
(5198, 6, 56, 36, 8, 1638490148),
(5199, 5, 36, 44, 7, 1638490148),
(5200, 6, 54, 39, 8, 1638490148),
(5201, 7, 48, 36, 22, 1638490148),
(5202, 6, 53, 39, 14, 1638490148),
(5203, 5, 44, 35, 9, 1638490148),
(5204, 5, 38, 38, 24, 1638490148),
(5205, 6, 54, 39, 8, 1638576548),
(5206, 8, 75, 39, 11, 1638576548),
(5207, 12, 98, 54, 16, 1638576548),
(5208, 5, 43, 35, 7, 1638576548),
(5209, 5, 28, 43, 13, 1638576548),
(5210, 5, 43, 35, 7, 1638576548),
(5211, 10, 60, 55, 30, 1638576548),
(5212, 9, 91, 61, 30, 1638576548),
(5213, 5, 28, 43, 13, 1638576548),
(5214, 6, 56, 36, 8, 1638576548),
(5215, 6, 53, 39, 14, 1638576548),
(5216, 5, 25, 35, 7, 1638576548),
(5217, 10, 64, 45, 30, 1638576548),
(5218, 8, 76, 36, 11, 1638576548),
(5219, 5, 31, 48, 13, 1638576548),
(5220, 9, 84, 40, 30, 1638576548),
(5221, 9, 88, 46, 30, 1638576548),
(5222, 12, 93, 47, 16, 1638576548),
(5223, 5, 32, 35, 9, 1638576548),
(5224, 7, 50, 37, 17, 1638576548),
(5225, 5, 40, 35, 24, 1638576548),
(5226, 6, 67, 41, 8, 1638576548),
(5227, 5, 37, 38, 9, 1638576548),
(5228, 6, 57, 53, 25, 1638576548),
(5229, 5, 37, 38, 9, 1638576548),
(5230, 6, 70, 39, 8, 1638576548),
(5231, 10, 63, 57, 30, 1638576548),
(5232, 9, 90, 50, 30, 1638576548),
(5233, 5, 35, 35, 9, 1638576548),
(5234, 5, 43, 35, 7, 1638576548),
(5235, 9, 90, 50, 30, 1638576548),
(5236, 11, 80, 52, 15, 1638576548),
(5237, 12, 93, 47, 16, 1638576548),
(5238, 10, 63, 57, 30, 1638576548),
(5239, 5, 28, 43, 13, 1638576548),
(5240, 9, 86, 51, 30, 1638576548),
(5241, 12, 98, 54, 16, 1638576548),
(5242, 6, 53, 39, 14, 1638576548),
(5243, 5, 41, 35, 7, 1638576548),
(5244, 5, 23, 35, 7, 1638576548),
(5245, 9, 86, 51, 30, 1638576548),
(5246, 6, 54, 39, 8, 1638576548),
(5247, 6, 56, 36, 8, 1638576548),
(5248, 12, 96, 54, 20, 1638576548),
(5249, 9, 86, 51, 30, 1638576548),
(5250, 10, 62, 57, 30, 1638576548),
(5251, 5, 24, 38, 7, 1638576548),
(5252, 5, 45, 35, 28, 1638576548),
(5253, 6, 71, 42, 12, 1638576548),
(5254, 8, 75, 39, 11, 1638576548),
(5255, 6, 58, 53, 14, 1638576548),
(5256, 5, 43, 35, 7, 1638576548),
(5257, 5, 36, 44, 7, 1638576548),
(5258, 11, 78, 58, 13, 1638662948),
(5259, 12, 95, 54, 16, 1638662948),
(5260, 6, 69, 56, 32, 1638662948),
(5261, 6, 66, 41, 8, 1638662948),
(5262, 9, 90, 50, 30, 1638662948),
(5263, 5, 25, 35, 7, 1638662948),
(5264, 10, 62, 57, 30, 1638662948),
(5265, 6, 56, 36, 8, 1638662948),
(5266, 5, 23, 35, 7, 1638662948),
(5267, 8, 76, 36, 11, 1638662948),
(5268, 5, 29, 44, 13, 1638662948),
(5269, 7, 48, 36, 22, 1638662948),
(5270, 5, 38, 38, 24, 1638662948),
(5271, 9, 88, 46, 30, 1638662948),
(5272, 6, 56, 36, 8, 1638662948),
(5273, 5, 36, 44, 7, 1638662948),
(5274, 8, 75, 39, 11, 1638662948),
(5275, 9, 84, 40, 30, 1638662948),
(5276, 7, 52, 37, 18, 1638662948),
(5277, 5, 38, 38, 24, 1638662948),
(5278, 5, 32, 35, 9, 1638662948),
(5279, 9, 86, 51, 30, 1638662948),
(5280, 6, 69, 56, 32, 1638662948),
(5281, 5, 38, 38, 24, 1638662948),
(5282, 7, 51, 49, 18, 1638662948),
(5283, 11, 82, 46, 7, 1638662948),
(5284, 7, 52, 37, 18, 1638662948),
(5285, 11, 79, 46, 15, 1638662948),
(5286, 6, 70, 39, 8, 1638662948),
(5287, 6, 70, 39, 8, 1638662948),
(5288, 6, 70, 39, 8, 1638662948),
(5289, 8, 75, 39, 11, 1638662948),
(5290, 5, 24, 38, 7, 1638662948),
(5291, 7, 50, 37, 17, 1638662948),
(5292, 12, 92, 47, 16, 1638662948),
(5293, 10, 61, 55, 30, 1638662948),
(5294, 7, 52, 37, 18, 1638662948),
(5295, 5, 31, 48, 13, 1638662948),
(5296, 5, 26, 35, 7, 1638662948),
(5297, 9, 86, 51, 30, 1638662948),
(5298, 5, 38, 38, 24, 1638662948),
(5299, 10, 62, 57, 30, 1638662948),
(5300, 9, 91, 61, 30, 1638662948),
(5301, 9, 85, 51, 30, 1638749348),
(5302, 6, 70, 39, 8, 1638749348),
(5303, 6, 67, 41, 8, 1638749348),
(5304, 5, 43, 35, 7, 1638749348),
(5305, 6, 70, 39, 8, 1638749348),
(5306, 12, 94, 47, 33, 1638749348),
(5307, 6, 56, 36, 8, 1638749348),
(5308, 5, 36, 44, 7, 1638749348),
(5309, 7, 50, 37, 17, 1638749348),
(5310, 5, 31, 48, 13, 1638749348),
(5311, 6, 56, 36, 8, 1638749348),
(5312, 10, 63, 57, 30, 1638749348),
(5313, 5, 28, 43, 13, 1638749348),
(5314, 6, 72, 39, 8, 1638749348),
(5315, 5, 29, 44, 13, 1638749348),
(5316, 10, 64, 45, 30, 1638749348),
(5317, 8, 76, 36, 11, 1638749348),
(5318, 5, 43, 35, 7, 1638749348),
(5319, 5, 41, 35, 7, 1638749348),
(5320, 9, 89, 50, 30, 1638749348),
(5321, 8, 75, 39, 11, 1638749348),
(5322, 9, 90, 50, 30, 1638749348),
(5323, 5, 24, 38, 7, 1638749348),
(5324, 5, 38, 38, 24, 1638749348),
(5325, 7, 50, 37, 17, 1638749348),
(5326, 9, 90, 50, 30, 1638749348),
(5327, 8, 77, 39, 11, 1638749348),
(5328, 5, 44, 35, 9, 1638749348),
(5329, 8, 75, 39, 11, 1638749348),
(5330, 11, 79, 46, 15, 1638749348),
(5331, 5, 38, 38, 24, 1638749348),
(5332, 6, 54, 39, 8, 1638749348),
(5333, 12, 93, 47, 16, 1638749348),
(5334, 5, 36, 44, 7, 1638749348),
(5335, 8, 75, 39, 11, 1638749348),
(5336, 5, 33, 35, 9, 1638749348),
(5337, 12, 94, 47, 33, 1638749348),
(5338, 10, 63, 57, 30, 1638835748),
(5339, 9, 90, 50, 30, 1638835748),
(5340, 5, 35, 35, 9, 1638835748),
(5341, 12, 95, 54, 16, 1638835748),
(5342, 6, 66, 41, 8, 1638835748),
(5343, 8, 75, 39, 11, 1638835748),
(5344, 6, 71, 42, 12, 1638835748),
(5345, 9, 86, 51, 30, 1638835748),
(5346, 6, 69, 56, 32, 1638835748),
(5347, 7, 49, 36, 22, 1638835748),
(5348, 6, 68, 56, 31, 1638835748),
(5349, 11, 80, 52, 15, 1638835748),
(5350, 5, 44, 35, 9, 1638835748),
(5351, 5, 37, 38, 9, 1638835748),
(5352, 5, 28, 43, 13, 1638835748),
(5353, 5, 38, 38, 24, 1638835748),
(5354, 10, 63, 57, 30, 1638835748),
(5355, 9, 83, 40, 30, 1638835748),
(5356, 9, 88, 46, 30, 1638835748),
(5357, 7, 52, 37, 18, 1638835748),
(5358, 5, 43, 35, 7, 1638835748),
(5359, 6, 56, 36, 8, 1638835748),
(5360, 12, 92, 47, 16, 1638835748),
(5361, 5, 36, 44, 7, 1638835748),
(5362, 5, 32, 35, 9, 1638835748),
(5363, 8, 73, 39, 21, 1638835748),
(5364, 9, 87, 51, 30, 1638835748),
(5365, 5, 25, 35, 7, 1638835748),
(5366, 12, 93, 47, 16, 1638835748),
(5367, 10, 63, 57, 30, 1638835748),
(5368, 10, 62, 57, 30, 1638835748),
(5369, 5, 24, 38, 7, 1638835748),
(5370, 5, 28, 43, 13, 1638835748),
(5371, 10, 62, 57, 30, 1638835748),
(5372, 5, 43, 35, 7, 1638835748),
(5373, 6, 66, 41, 8, 1638835748),
(5374, 9, 84, 40, 30, 1638835748),
(5375, 8, 73, 39, 21, 1638835748),
(5376, 12, 98, 54, 16, 1638835748),
(5377, 12, 92, 47, 16, 1638835748),
(5378, 9, 85, 51, 30, 1638835748),
(5379, 11, 82, 46, 7, 1638835748),
(5380, 11, 79, 46, 15, 1638835748),
(5381, 6, 59, 53, 23, 1638835748),
(5382, 12, 92, 47, 16, 1638835748),
(5383, 5, 43, 35, 7, 1638835748),
(5384, 12, 95, 54, 16, 1638835748),
(5385, 6, 55, 36, 14, 1638835748),
(5386, 5, 37, 38, 9, 1638835748),
(5387, 7, 52, 37, 18, 1638835748),
(5388, 12, 93, 47, 16, 1638835748),
(5389, 6, 53, 39, 14, 1638835748),
(5390, 6, 70, 39, 8, 1638835748),
(5391, 10, 60, 55, 30, 1638835748),
(5392, 6, 54, 39, 8, 1638835748),
(5393, 9, 86, 51, 30, 1638835748),
(5394, 5, 29, 44, 13, 1638835748),
(5395, 12, 92, 47, 16, 1638835748),
(5396, 5, 43, 35, 7, 1638835748),
(5397, 6, 56, 36, 8, 1638835748),
(5398, 5, 38, 38, 24, 1638835748),
(5399, 12, 98, 54, 16, 1638835748),
(5400, 6, 53, 39, 14, 1638835748),
(5401, 6, 67, 41, 8, 1638835748),
(5402, 6, 66, 41, 8, 1638835748),
(5403, 7, 52, 37, 18, 1638835748),
(5404, 5, 38, 38, 24, 1638922148),
(5405, 5, 32, 35, 9, 1638922148),
(5406, 10, 65, 38, 30, 1638922148),
(5407, 5, 38, 38, 24, 1638922148),
(5408, 5, 41, 35, 7, 1638922148),
(5409, 5, 23, 35, 7, 1638922148),
(5410, 5, 28, 43, 13, 1638922148),
(5411, 10, 60, 55, 30, 1638922148),
(5412, 10, 64, 45, 30, 1638922148),
(5413, 8, 75, 39, 11, 1638922148),
(5414, 11, 78, 58, 13, 1638922148),
(5415, 6, 67, 41, 8, 1638922148),
(5416, 7, 51, 49, 18, 1638922148),
(5417, 5, 28, 43, 13, 1638922148),
(5418, 7, 52, 37, 18, 1638922148),
(5419, 9, 83, 40, 30, 1638922148),
(5420, 6, 56, 36, 8, 1638922148),
(5421, 11, 78, 58, 13, 1638922148),
(5422, 6, 56, 36, 8, 1638922148),
(5423, 10, 64, 45, 30, 1638922148),
(5424, 8, 76, 36, 11, 1638922148),
(5425, 5, 43, 35, 7, 1638922148),
(5426, 5, 43, 35, 7, 1638922148),
(5427, 6, 58, 53, 14, 1638922148),
(5428, 5, 43, 35, 7, 1638922148),
(5429, 8, 75, 39, 11, 1638922148),
(5430, 6, 67, 41, 8, 1638922148),
(5431, 5, 32, 35, 9, 1638922148),
(5432, 10, 63, 57, 30, 1638922148),
(5433, 5, 43, 35, 7, 1638922148),
(5434, 12, 95, 54, 16, 1638922148),
(5435, 9, 89, 50, 30, 1638922148),
(5436, 11, 78, 58, 13, 1638922148),
(5437, 9, 84, 40, 30, 1638922148),
(5438, 5, 33, 35, 9, 1638922148),
(5439, 12, 92, 47, 16, 1638922148),
(5440, 5, 43, 35, 7, 1638922148),
(5441, 6, 56, 36, 8, 1638922148),
(5442, 7, 50, 37, 17, 1638922148),
(5443, 5, 37, 38, 9, 1638922148),
(5444, 12, 93, 47, 16, 1638922148),
(5445, 5, 43, 35, 7, 1638922148),
(5446, 5, 38, 38, 24, 1638922148),
(5447, 8, 76, 36, 11, 1638922148),
(5448, 5, 41, 35, 7, 1638922148),
(5449, 8, 75, 39, 11, 1638922148),
(5450, 9, 86, 51, 30, 1638922148),
(5451, 5, 45, 35, 28, 1638922148),
(5452, 7, 50, 37, 17, 1638922148),
(5453, 6, 67, 41, 8, 1638922148),
(5454, 5, 26, 35, 7, 1638922148),
(5455, 8, 77, 39, 11, 1638922148),
(5456, 6, 66, 41, 8, 1638922148),
(5457, 8, 74, 59, 11, 1638922148),
(5458, 8, 73, 39, 21, 1639008548),
(5459, 5, 28, 43, 13, 1639008548),
(5460, 9, 91, 61, 30, 1639008548),
(5461, 5, 43, 35, 7, 1639008548),
(5462, 9, 90, 50, 30, 1639008548),
(5463, 10, 62, 57, 30, 1639008548),
(5464, 5, 25, 35, 7, 1639008548),
(5465, 5, 29, 44, 13, 1639008548),
(5466, 8, 77, 39, 11, 1639008548),
(5467, 9, 86, 51, 30, 1639008548),
(5468, 7, 52, 37, 18, 1639008548),
(5469, 11, 82, 46, 7, 1639008548),
(5470, 6, 56, 36, 8, 1639008548),
(5471, 6, 54, 39, 8, 1639008548),
(5472, 8, 76, 36, 11, 1639008548),
(5473, 8, 77, 39, 11, 1639008548),
(5474, 9, 91, 61, 30, 1639008548),
(5475, 9, 91, 61, 30, 1639008548),
(5476, 8, 75, 39, 11, 1639008548),
(5477, 5, 45, 35, 28, 1639008548),
(5478, 12, 96, 54, 20, 1639008548),
(5479, 5, 37, 38, 9, 1639008548),
(5480, 6, 58, 53, 14, 1639008548),
(5481, 12, 98, 54, 16, 1639008548),
(5482, 5, 32, 35, 9, 1639008548),
(5483, 6, 72, 39, 8, 1639008548),
(5484, 5, 31, 48, 13, 1639008548),
(5485, 5, 30, 35, 13, 1639008548),
(5486, 9, 90, 50, 30, 1639008548),
(5487, 5, 28, 43, 13, 1639008548),
(5488, 6, 59, 53, 23, 1639008548),
(5489, 9, 91, 61, 30, 1639008548),
(5490, 8, 76, 36, 11, 1639008548),
(5491, 7, 51, 49, 18, 1639008548),
(5492, 6, 56, 36, 8, 1639008548),
(5493, 9, 84, 40, 30, 1639008548),
(5494, 5, 43, 35, 7, 1639008548),
(5495, 12, 95, 54, 16, 1639008548),
(5496, 6, 56, 36, 8, 1639008548),
(5497, 5, 25, 35, 7, 1639008548),
(5498, 5, 38, 38, 24, 1639008548),
(5499, 5, 36, 44, 7, 1639008548),
(5500, 8, 75, 39, 11, 1639008548),
(5501, 5, 43, 35, 7, 1639008548),
(5502, 10, 64, 45, 30, 1639008548),
(5503, 10, 64, 45, 30, 1639008548),
(5504, 8, 75, 39, 11, 1639008548),
(5505, 10, 62, 57, 30, 1639008548),
(5506, 5, 28, 43, 13, 1639008548),
(5507, 6, 56, 36, 8, 1639008548),
(5508, 5, 23, 35, 7, 1639094948),
(5509, 5, 27, 35, 13, 1639094948),
(5510, 9, 88, 46, 30, 1639094948),
(5511, 9, 86, 51, 30, 1639094948),
(5512, 5, 44, 35, 9, 1639094948),
(5513, 9, 84, 40, 30, 1639094948),
(5514, 5, 43, 35, 7, 1639094948),
(5515, 12, 95, 54, 16, 1639094948),
(5516, 6, 53, 39, 14, 1639094948),
(5517, 5, 38, 38, 24, 1639094948),
(5518, 5, 43, 35, 7, 1639094948),
(5519, 5, 35, 35, 9, 1639094948),
(5520, 6, 56, 36, 8, 1639094948),
(5521, 6, 69, 56, 32, 1639094948),
(5522, 7, 51, 49, 18, 1639094948),
(5523, 7, 48, 36, 22, 1639094948),
(5524, 5, 23, 35, 7, 1639094948),
(5525, 6, 54, 39, 8, 1639094948),
(5526, 5, 24, 38, 7, 1639094948),
(5527, 5, 28, 43, 13, 1639094948),
(5528, 7, 52, 37, 18, 1639094948),
(5529, 5, 38, 38, 24, 1639094948),
(5530, 5, 37, 38, 9, 1639094948),
(5531, 12, 93, 47, 16, 1639094948),
(5532, 10, 63, 57, 30, 1639094948),
(5533, 5, 32, 35, 9, 1639094948),
(5534, 7, 52, 37, 18, 1639094948),
(5535, 8, 76, 36, 11, 1639094948),
(5536, 5, 36, 44, 7, 1639094948),
(5537, 5, 38, 38, 24, 1639094948),
(5538, 10, 62, 57, 30, 1639094948),
(5539, 5, 36, 44, 7, 1639094948),
(5540, 5, 41, 35, 7, 1639094948),
(5541, 12, 99, 54, 16, 1639181348),
(5542, 8, 75, 39, 11, 1639181348),
(5543, 9, 91, 61, 30, 1639181348),
(5544, 9, 87, 51, 30, 1639181348),
(5545, 6, 54, 39, 8, 1639181348),
(5546, 11, 80, 52, 15, 1639181348),
(5547, 6, 56, 36, 8, 1639181348),
(5548, 11, 78, 58, 13, 1639181348),
(5549, 9, 86, 51, 30, 1639181348),
(5550, 6, 66, 41, 8, 1639181348),
(5551, 6, 56, 36, 8, 1639181348),
(5552, 8, 75, 39, 11, 1639181348),
(5553, 8, 75, 39, 11, 1639181348),
(5554, 6, 54, 39, 8, 1639181348),
(5555, 7, 50, 37, 17, 1639181348),
(5556, 11, 79, 46, 15, 1639181348),
(5557, 5, 36, 44, 7, 1639181348),
(5558, 10, 62, 57, 30, 1639181348),
(5559, 11, 79, 46, 15, 1639181348),
(5560, 6, 70, 39, 8, 1639181348),
(5561, 9, 84, 40, 30, 1639181348),
(5562, 5, 43, 35, 7, 1639181348),
(5563, 9, 84, 40, 30, 1639181348),
(5564, 10, 62, 57, 30, 1639181348),
(5565, 6, 56, 36, 8, 1639181348),
(5566, 5, 27, 35, 13, 1639181348),
(5567, 9, 89, 50, 30, 1639181348),
(5568, 6, 69, 56, 32, 1639181348),
(5569, 9, 86, 51, 30, 1639181348),
(5570, 5, 43, 35, 7, 1639181348),
(5571, 10, 60, 55, 30, 1639181348),
(5572, 12, 93, 47, 16, 1639181348),
(5573, 6, 54, 39, 8, 1639181348),
(5574, 6, 71, 42, 12, 1639181348),
(5575, 5, 38, 38, 24, 1639181348),
(5576, 5, 28, 43, 13, 1639181348),
(5577, 10, 64, 45, 30, 1639181348),
(5578, 5, 27, 35, 13, 1639181348),
(5579, 10, 64, 45, 30, 1639181348),
(5580, 5, 38, 38, 24, 1639181348),
(5581, 5, 32, 35, 9, 1639181348),
(5582, 7, 52, 37, 18, 1639181348),
(5583, 11, 80, 52, 15, 1639181348),
(5584, 6, 54, 39, 8, 1639181348),
(5585, 5, 26, 35, 7, 1639181348),
(5586, 11, 82, 46, 7, 1639181348),
(5587, 5, 45, 35, 28, 1639181348),
(5588, 6, 56, 36, 8, 1639181348),
(5589, 5, 38, 38, 24, 1639181348),
(5590, 5, 43, 35, 7, 1639181348),
(5591, 12, 92, 47, 16, 1639181348),
(5592, 5, 31, 48, 13, 1639181348),
(5593, 6, 53, 39, 14, 1639181348),
(5594, 9, 91, 61, 30, 1639181348),
(5595, 12, 93, 47, 16, 1639181348),
(5596, 8, 75, 39, 11, 1639181348),
(5597, 9, 84, 40, 30, 1639181348),
(5598, 5, 36, 44, 7, 1639181348),
(5599, 13, 47, 43, 19, 1639181348),
(5600, 5, 37, 38, 9, 1639181348),
(5601, 5, 40, 35, 24, 1639181348),
(5602, 5, 29, 44, 13, 1639181348),
(5603, 6, 56, 36, 8, 1639181348),
(5604, 5, 36, 44, 7, 1639181348),
(5605, 8, 76, 36, 11, 1639181348),
(5606, 5, 34, 35, 9, 1639181348),
(5607, 7, 49, 36, 22, 1639181348),
(5608, 6, 68, 56, 31, 1639181348),
(5609, 9, 86, 51, 30, 1639181348),
(5610, 5, 34, 35, 9, 1639181348),
(5611, 5, 34, 35, 9, 1639181348),
(5612, 5, 34, 35, 9, 1639181348),
(5613, 8, 75, 39, 11, 1639181348),
(5614, 9, 91, 61, 30, 1639181348),
(5615, 6, 67, 41, 8, 1639181348),
(5616, 5, 35, 35, 9, 1639181348),
(5617, 7, 51, 49, 18, 1639181348),
(5618, 5, 28, 43, 13, 1639267748),
(5619, 7, 48, 36, 22, 1639267748),
(5620, 5, 43, 35, 7, 1639267748),
(5621, 12, 95, 54, 16, 1639267748),
(5622, 6, 56, 36, 8, 1639267748),
(5623, 5, 24, 38, 7, 1639267748),
(5624, 9, 86, 51, 30, 1639267748),
(5625, 6, 58, 53, 14, 1639267748),
(5626, 11, 78, 58, 13, 1639267748),
(5627, 5, 24, 38, 7, 1639267748),
(5628, 8, 76, 36, 11, 1639267748),
(5629, 5, 43, 35, 7, 1639267748),
(5630, 5, 29, 44, 13, 1639267748),
(5631, 6, 69, 56, 32, 1639267748),
(5632, 8, 75, 39, 11, 1639267748),
(5633, 9, 90, 50, 30, 1639267748),
(5634, 7, 51, 49, 18, 1639267748),
(5635, 5, 32, 35, 9, 1639267748),
(5636, 10, 61, 55, 30, 1639267748),
(5637, 6, 56, 36, 8, 1639267748),
(5638, 12, 93, 47, 16, 1639267748),
(5639, 10, 63, 57, 30, 1639267748),
(5640, 9, 84, 40, 30, 1639267748),
(5641, 5, 44, 35, 9, 1639267748),
(5642, 5, 43, 35, 7, 1639267748),
(5643, 6, 54, 39, 8, 1639267748),
(5644, 11, 80, 52, 15, 1639267748),
(5645, 6, 54, 39, 8, 1639267748),
(5646, 11, 81, 50, 15, 1639267748),
(5647, 8, 75, 39, 11, 1639267748),
(5648, 7, 52, 37, 18, 1639267748),
(5649, 6, 59, 53, 23, 1639267748),
(5650, 5, 42, 35, 7, 1639267748),
(5651, 5, 40, 35, 24, 1639267748),
(5652, 7, 50, 37, 17, 1639267748),
(5653, 6, 55, 36, 14, 1639267748),
(5654, 13, 47, 43, 19, 1639267748),
(5655, 5, 42, 35, 7, 1639267748),
(5656, 11, 81, 50, 15, 1639267748),
(5657, 10, 62, 57, 30, 1639267748),
(5658, 6, 56, 36, 8, 1639267748),
(5659, 9, 88, 46, 30, 1639267748),
(5660, 6, 58, 53, 14, 1639267748),
(5661, 5, 33, 35, 9, 1639267748),
(5662, 9, 86, 51, 30, 1639267748),
(5663, 5, 26, 35, 7, 1639267748),
(5664, 5, 23, 35, 7, 1639267748),
(5665, 5, 36, 44, 7, 1639267748),
(5666, 8, 75, 39, 11, 1639267748),
(5667, 9, 86, 51, 30, 1639267748),
(5668, 5, 37, 38, 9, 1639354148),
(5669, 6, 55, 36, 14, 1639354148),
(5670, 9, 84, 40, 30, 1639354148),
(5671, 6, 54, 39, 8, 1639354148),
(5672, 5, 29, 44, 13, 1639354148),
(5673, 9, 89, 50, 30, 1639354148),
(5674, 12, 98, 54, 16, 1639354148),
(5675, 5, 28, 43, 13, 1639354148),
(5676, 5, 36, 44, 7, 1639354148),
(5677, 5, 34, 35, 9, 1639354148),
(5678, 5, 38, 38, 24, 1639354148),
(5679, 5, 24, 38, 7, 1639354148),
(5680, 5, 41, 35, 7, 1639354148),
(5681, 5, 25, 35, 7, 1639354148),
(5682, 6, 69, 56, 32, 1639354148),
(5683, 5, 36, 44, 7, 1639354148),
(5684, 8, 75, 39, 11, 1639354148),
(5685, 11, 79, 46, 15, 1639354148),
(5686, 5, 38, 38, 24, 1639354148),
(5687, 9, 91, 61, 30, 1639354148),
(5688, 6, 66, 41, 8, 1639354148),
(5689, 8, 75, 39, 11, 1639354148),
(5690, 9, 90, 50, 30, 1639354148),
(5691, 12, 93, 47, 16, 1639354148),
(5692, 8, 76, 36, 11, 1639354148),
(5693, 6, 53, 39, 14, 1639354148),
(5694, 11, 78, 58, 13, 1639354148),
(5695, 10, 63, 57, 30, 1639354148),
(5696, 5, 26, 35, 7, 1639354148),
(5697, 9, 86, 51, 30, 1639354148),
(5698, 7, 52, 37, 18, 1639354148),
(5699, 5, 38, 38, 24, 1639354148),
(5700, 5, 24, 38, 7, 1639354148),
(5701, 10, 62, 57, 30, 1639354148),
(5702, 5, 33, 35, 9, 1639354148),
(5703, 6, 71, 42, 12, 1639526948),
(5704, 9, 86, 51, 30, 1639526948),
(5705, 6, 54, 39, 8, 1639526948),
(5706, 9, 87, 51, 30, 1639526948),
(5707, 8, 75, 39, 11, 1639526948),
(5708, 7, 49, 36, 22, 1639526948),
(5709, 6, 68, 56, 31, 1639526948),
(5710, 5, 32, 35, 9, 1639526948),
(5711, 6, 54, 39, 8, 1639526948),
(5712, 5, 35, 35, 9, 1639526948),
(5713, 10, 61, 55, 30, 1639526948),
(5714, 5, 25, 35, 7, 1639526948),
(5715, 5, 36, 44, 7, 1639526948),
(5716, 10, 64, 45, 30, 1639526948),
(5717, 5, 43, 35, 7, 1639526948),
(5718, 6, 69, 56, 32, 1639526948),
(5719, 6, 69, 56, 32, 1639526948),
(5720, 6, 69, 56, 32, 1639526948),
(5721, 6, 69, 56, 32, 1639526948),
(5722, 5, 43, 35, 7, 1639526948),
(5723, 9, 90, 50, 30, 1639526948),
(5724, 5, 23, 35, 7, 1639526948),
(5725, 12, 92, 47, 16, 1639526948),
(5726, 5, 24, 38, 7, 1639526948),
(5727, 5, 45, 35, 28, 1639526948),
(5728, 9, 86, 51, 30, 1639526948),
(5729, 11, 78, 58, 13, 1639526948),
(5730, 12, 95, 54, 16, 1639526948),
(5731, 5, 36, 44, 7, 1639526948),
(5732, 6, 56, 36, 8, 1639526948),
(5733, 12, 98, 54, 16, 1639526948),
(5734, 5, 28, 43, 13, 1639526948),
(5735, 11, 80, 52, 15, 1639526948),
(5736, 5, 37, 38, 9, 1639526948),
(5737, 5, 37, 38, 9, 1639526948),
(5738, 5, 37, 38, 9, 1639613348),
(5739, 8, 76, 36, 11, 1639613348),
(5740, 11, 79, 46, 15, 1639613348),
(5741, 6, 69, 56, 32, 1639613348),
(5742, 12, 93, 47, 16, 1639613348),
(5743, 10, 63, 57, 30, 1639613348),
(5744, 9, 84, 40, 30, 1639613348),
(5745, 7, 48, 36, 22, 1639613348),
(5746, 5, 43, 35, 7, 1639613348),
(5747, 5, 25, 35, 7, 1639613348),
(5748, 6, 54, 39, 8, 1639613348),
(5749, 6, 56, 36, 8, 1639613348),
(5750, 5, 27, 35, 13, 1639613348),
(5751, 5, 38, 38, 24, 1639613348),
(5752, 9, 89, 50, 30, 1639613348),
(5753, 9, 86, 51, 30, 1639613348),
(5754, 6, 56, 36, 8, 1639613348),
(5755, 5, 23, 35, 7, 1639613348),
(5756, 6, 55, 36, 14, 1639613348),
(5757, 11, 82, 46, 7, 1639613348),
(5758, 6, 54, 39, 8, 1639613348),
(5759, 5, 29, 44, 13, 1639613348),
(5760, 8, 73, 39, 21, 1639613348),
(5761, 11, 78, 58, 13, 1639613348),
(5762, 9, 84, 40, 30, 1639613348),
(5763, 9, 90, 50, 30, 1639613348),
(5764, 8, 75, 39, 11, 1639613348),
(5765, 10, 62, 57, 30, 1639613348),
(5766, 9, 91, 61, 30, 1639613348),
(5767, 8, 75, 39, 11, 1639613348),
(5768, 11, 81, 50, 15, 1639613348),
(5769, 7, 50, 37, 17, 1639613348),
(5770, 9, 90, 50, 30, 1639613348),
(5771, 5, 32, 35, 9, 1639613348),
(5772, 5, 24, 38, 7, 1639613348),
(5773, 7, 52, 37, 18, 1639613348),
(5774, 5, 37, 38, 9, 1639613348),
(5775, 10, 64, 45, 30, 1639613348),
(5776, 5, 38, 38, 24, 1639613348),
(5777, 12, 92, 47, 16, 1639613348),
(5778, 9, 85, 51, 30, 1639699748),
(5779, 5, 32, 35, 9, 1639699748),
(5780, 9, 86, 51, 30, 1639699748),
(5781, 6, 56, 36, 8, 1639699748),
(5782, 8, 75, 39, 11, 1639699748),
(5783, 9, 84, 40, 30, 1639699748),
(5784, 5, 43, 35, 7, 1639699748),
(5785, 7, 48, 36, 22, 1639699748),
(5786, 5, 43, 35, 7, 1639699748),
(5787, 7, 48, 36, 22, 1639699748),
(5788, 6, 67, 41, 8, 1639699748),
(5789, 5, 44, 35, 9, 1639699748),
(5790, 6, 66, 41, 8, 1639699748),
(5791, 7, 51, 49, 18, 1639699748),
(5792, 6, 56, 36, 8, 1639699748),
(5793, 5, 38, 38, 24, 1639699748),
(5794, 5, 34, 35, 9, 1639699748),
(5795, 6, 53, 39, 14, 1639699748),
(5796, 5, 43, 35, 7, 1639699748),
(5797, 5, 28, 43, 13, 1639699748),
(5798, 9, 84, 40, 30, 1639699748),
(5799, 5, 43, 35, 7, 1639699748),
(5800, 6, 66, 41, 8, 1639699748),
(5801, 8, 75, 39, 11, 1639699748),
(5802, 9, 88, 46, 30, 1639699748),
(5803, 5, 28, 43, 13, 1639699748),
(5804, 10, 60, 55, 30, 1639786148),
(5805, 5, 35, 35, 9, 1639786148),
(5806, 9, 89, 50, 30, 1639786148),
(5807, 5, 29, 44, 13, 1639786148),
(5808, 8, 77, 39, 11, 1639786148),
(5809, 12, 95, 54, 16, 1639786148),
(5810, 6, 54, 39, 8, 1639786148),
(5811, 11, 79, 46, 15, 1639786148),
(5812, 8, 75, 39, 11, 1639786148),
(5813, 9, 90, 50, 30, 1639786148),
(5814, 5, 28, 43, 13, 1639786148),
(5815, 10, 63, 57, 30, 1639786148),
(5816, 5, 41, 35, 7, 1639786148),
(5817, 6, 56, 36, 8, 1639786148),
(5818, 5, 36, 44, 7, 1639786148),
(5819, 8, 75, 39, 11, 1639786148),
(5820, 10, 62, 57, 30, 1639786148),
(5821, 5, 23, 35, 7, 1639786148),
(5822, 10, 65, 38, 30, 1639786148),
(5823, 5, 24, 38, 7, 1639786148),
(5824, 6, 59, 53, 23, 1639786148),
(5825, 11, 78, 58, 13, 1639786148),
(5826, 9, 84, 40, 30, 1639786148),
(5827, 11, 79, 46, 15, 1639786148),
(5828, 11, 78, 58, 13, 1639786148),
(5829, 5, 43, 35, 7, 1639786148),
(5830, 5, 32, 35, 9, 1639786148),
(5831, 7, 52, 37, 18, 1639786148),
(5832, 12, 99, 54, 16, 1639786148),
(5833, 8, 76, 36, 11, 1639786148),
(5834, 5, 36, 44, 7, 1639786148),
(5835, 5, 30, 35, 13, 1639786148),
(5836, 6, 55, 36, 14, 1639786148),
(5837, 8, 75, 39, 11, 1639786148),
(5838, 6, 55, 36, 14, 1639786148),
(5839, 11, 82, 46, 7, 1639786148),
(5840, 8, 77, 39, 11, 1639786148),
(5841, 6, 54, 39, 8, 1639872548),
(5842, 5, 31, 48, 13, 1639872548),
(5843, 5, 38, 38, 24, 1639872548),
(5844, 10, 63, 57, 30, 1639872548),
(5845, 8, 76, 36, 11, 1639872548),
(5846, 8, 76, 36, 11, 1639872548),
(5847, 7, 50, 37, 17, 1639872548),
(5848, 5, 29, 44, 13, 1639872548),
(5849, 8, 77, 39, 11, 1639872548),
(5850, 12, 96, 54, 20, 1639872548),
(5851, 5, 43, 35, 7, 1639872548),
(5852, 10, 62, 57, 30, 1639872548),
(5853, 5, 43, 35, 7, 1639872548),
(5854, 7, 48, 36, 22, 1639872548),
(5855, 9, 84, 40, 30, 1639872548),
(5856, 5, 45, 35, 28, 1639872548),
(5857, 5, 28, 43, 13, 1639872548),
(5858, 10, 60, 55, 30, 1639872548),
(5859, 10, 62, 57, 30, 1639872548),
(5860, 5, 23, 35, 7, 1639872548),
(5861, 8, 75, 39, 11, 1639872548),
(5862, 9, 90, 50, 30, 1639872548),
(5863, 5, 25, 35, 7, 1639872548),
(5864, 11, 80, 52, 15, 1639872548),
(5865, 9, 91, 61, 30, 1639872548),
(5866, 6, 53, 39, 14, 1639872548),
(5867, 12, 95, 54, 16, 1639872548),
(5868, 6, 54, 39, 8, 1639872548),
(5869, 9, 89, 50, 30, 1639872548),
(5870, 6, 56, 36, 8, 1639872548),
(5871, 11, 78, 58, 13, 1639872548),
(5872, 5, 43, 35, 7, 1639872548),
(5873, 9, 90, 50, 30, 1639958948),
(5874, 5, 24, 38, 7, 1639958948),
(5875, 5, 45, 35, 28, 1639958948),
(5876, 7, 51, 49, 18, 1639958948),
(5877, 9, 84, 40, 30, 1639958948),
(5878, 5, 23, 35, 7, 1639958948),
(5879, 6, 66, 41, 8, 1639958948),
(5880, 5, 29, 44, 13, 1639958948),
(5881, 10, 64, 45, 30, 1639958948),
(5882, 9, 88, 46, 30, 1639958948),
(5883, 10, 63, 57, 30, 1639958948),
(5884, 11, 78, 58, 13, 1639958948),
(5885, 9, 86, 51, 30, 1639958948),
(5886, 10, 62, 57, 30, 1639958948),
(5887, 5, 45, 35, 28, 1639958948),
(5888, 7, 51, 49, 18, 1639958948),
(5889, 8, 76, 36, 11, 1639958948),
(5890, 9, 83, 40, 30, 1639958948),
(5891, 6, 58, 53, 14, 1639958948),
(5892, 11, 78, 58, 13, 1639958948),
(5893, 6, 56, 36, 8, 1639958948),
(5894, 5, 45, 35, 28, 1639958948),
(5895, 11, 82, 46, 7, 1639958948),
(5896, 6, 54, 39, 8, 1639958948),
(5897, 5, 38, 38, 24, 1639958948),
(5898, 5, 24, 38, 7, 1639958948),
(5899, 5, 32, 35, 9, 1639958948),
(5900, 6, 54, 39, 8, 1639958948),
(5901, 5, 31, 48, 13, 1639958948),
(5902, 6, 55, 36, 14, 1639958948),
(5903, 8, 75, 39, 11, 1639958948),
(5904, 5, 35, 35, 9, 1639958948),
(5905, 5, 37, 38, 9, 1639958948),
(5906, 5, 44, 35, 9, 1639958948),
(5907, 5, 27, 35, 13, 1639958948),
(5908, 8, 73, 39, 21, 1639958948),
(5909, 11, 82, 46, 7, 1640045348),
(5910, 6, 56, 36, 8, 1640045348),
(5911, 9, 88, 46, 30, 1640045348),
(5912, 6, 66, 41, 8, 1640045348),
(5913, 5, 32, 35, 9, 1640045348),
(5914, 10, 61, 55, 30, 1640045348),
(5915, 5, 43, 35, 7, 1640045348),
(5916, 5, 43, 35, 7, 1640045348),
(5917, 7, 52, 37, 18, 1640045348),
(5918, 5, 38, 38, 24, 1640045348),
(5919, 9, 88, 46, 30, 1640045348),
(5920, 12, 95, 54, 16, 1640045348),
(5921, 9, 90, 50, 30, 1640045348),
(5922, 5, 25, 35, 7, 1640045348),
(5923, 6, 70, 39, 8, 1640045348),
(5924, 9, 87, 51, 30, 1640045348),
(5925, 11, 80, 52, 15, 1640045348),
(5926, 12, 92, 47, 16, 1640045348),
(5927, 5, 41, 35, 7, 1640045348),
(5928, 5, 28, 43, 13, 1640045348),
(5929, 12, 98, 54, 16, 1640045348),
(5930, 5, 36, 44, 7, 1640045348),
(5931, 10, 62, 57, 30, 1640045348),
(5932, 12, 99, 54, 16, 1640045348),
(5933, 5, 38, 38, 24, 1640045348),
(5934, 8, 76, 36, 11, 1640045348),
(5935, 9, 86, 51, 30, 1640045348),
(5936, 11, 78, 58, 13, 1640045348),
(5937, 5, 34, 35, 9, 1640045348),
(5938, 9, 84, 40, 30, 1640045348),
(5939, 5, 41, 35, 7, 1640045348),
(5940, 6, 69, 56, 32, 1640045348),
(5941, 12, 94, 47, 33, 1640045348),
(5942, 9, 91, 61, 30, 1640045348),
(5943, 9, 91, 61, 30, 1640045348),
(5944, 9, 89, 50, 30, 1640131748),
(5945, 6, 59, 53, 23, 1640131748),
(5946, 10, 62, 57, 30, 1640131748),
(5947, 6, 55, 36, 14, 1640131748),
(5948, 8, 75, 39, 11, 1640131748),
(5949, 8, 76, 36, 11, 1640131748),
(5950, 12, 98, 54, 16, 1640131748),
(5951, 5, 31, 48, 13, 1640131748),
(5952, 9, 90, 50, 30, 1640131748),
(5953, 7, 51, 49, 18, 1640131748),
(5954, 5, 45, 35, 28, 1640131748),
(5955, 7, 51, 49, 18, 1640131748),
(5956, 6, 56, 36, 8, 1640131748),
(5957, 11, 78, 58, 13, 1640131748),
(5958, 6, 54, 39, 8, 1640131748),
(5959, 13, 47, 43, 19, 1640131748),
(5960, 5, 44, 35, 9, 1640131748),
(5961, 7, 52, 37, 18, 1640131748),
(5962, 5, 32, 35, 9, 1640131748),
(5963, 5, 35, 35, 9, 1640131748),
(5964, 5, 35, 35, 9, 1640131748),
(5965, 10, 60, 55, 30, 1640131748),
(5966, 7, 48, 36, 22, 1640131748),
(5967, 12, 93, 47, 16, 1640131748),
(5968, 5, 34, 35, 9, 1640131748),
(5969, 7, 49, 36, 22, 1640131748),
(5970, 6, 68, 56, 31, 1640131748),
(5971, 6, 67, 41, 8, 1640131748),
(5972, 6, 53, 39, 14, 1640131748),
(5973, 8, 73, 39, 21, 1640131748),
(5974, 11, 82, 46, 7, 1640218148),
(5975, 6, 58, 53, 14, 1640218148),
(5976, 5, 43, 35, 7, 1640218148),
(5977, 10, 63, 57, 30, 1640218148),
(5978, 5, 38, 38, 24, 1640218148),
(5979, 6, 56, 36, 8, 1640218148),
(5980, 11, 80, 52, 15, 1640218148),
(5981, 5, 33, 35, 9, 1640218148),
(5982, 12, 99, 54, 16, 1640218148),
(5983, 9, 84, 40, 30, 1640218148),
(5984, 5, 25, 35, 7, 1640218148),
(5985, 5, 30, 35, 13, 1640218148),
(5986, 9, 89, 50, 30, 1640218148),
(5987, 5, 29, 44, 13, 1640218148),
(5988, 8, 77, 39, 11, 1640218148),
(5989, 5, 37, 38, 9, 1640218148),
(5990, 10, 64, 45, 30, 1640218148),
(5991, 5, 43, 35, 7, 1640218148),
(5992, 5, 26, 35, 7, 1640218148),
(5993, 8, 75, 39, 11, 1640218148),
(5994, 5, 27, 35, 13, 1640218148),
(5995, 5, 24, 38, 7, 1640218148),
(5996, 9, 86, 51, 30, 1640218148),
(5997, 5, 23, 35, 7, 1640218148),
(5998, 6, 66, 41, 8, 1640218148),
(5999, 5, 43, 35, 7, 1640218148),
(6000, 5, 43, 35, 7, 1640218148),
(6001, 5, 43, 35, 7, 1640218148),
(6002, 11, 80, 52, 15, 1640218148),
(6003, 5, 45, 35, 28, 1640218148),
(6004, 6, 56, 36, 8, 1640218148),
(6005, 5, 43, 35, 7, 1640218148),
(6006, 9, 90, 50, 30, 1640218148),
(6007, 6, 67, 41, 8, 1640218148),
(6008, 6, 54, 39, 8, 1640218148),
(6009, 5, 28, 43, 13, 1640218148),
(6010, 7, 50, 37, 17, 1640218148),
(6011, 5, 37, 38, 9, 1640218148),
(6012, 8, 75, 39, 11, 1640218148),
(6013, 5, 40, 35, 24, 1640218148),
(6014, 7, 51, 49, 18, 1640304548),
(6015, 9, 90, 50, 30, 1640304548),
(6016, 8, 75, 39, 11, 1640304548),
(6017, 5, 40, 35, 24, 1640304548),
(6018, 7, 50, 37, 17, 1640304548),
(6019, 5, 36, 44, 7, 1640304548),
(6020, 5, 37, 38, 9, 1640304548),
(6021, 10, 64, 45, 30, 1640304548),
(6022, 12, 98, 54, 16, 1640304548),
(6023, 12, 93, 47, 16, 1640304548),
(6024, 9, 86, 51, 30, 1640304548),
(6025, 6, 54, 39, 8, 1640304548),
(6026, 6, 53, 39, 14, 1640304548),
(6027, 5, 35, 35, 9, 1640304548),
(6028, 5, 35, 35, 9, 1640304548),
(6029, 5, 43, 35, 7, 1640304548),
(6030, 10, 63, 57, 30, 1640304548),
(6031, 6, 56, 36, 8, 1640304548),
(6032, 5, 46, 48, 26, 1640304548),
(6033, 8, 75, 39, 11, 1640304548),
(6034, 6, 72, 39, 8, 1640304548),
(6035, 5, 24, 38, 7, 1640304548),
(6036, 7, 52, 37, 18, 1640304548),
(6037, 12, 98, 54, 16, 1640304548),
(6038, 7, 50, 37, 17, 1640304548),
(6039, 5, 34, 35, 9, 1640304548),
(6040, 7, 49, 36, 22, 1640304548),
(6041, 6, 68, 56, 31, 1640304548),
(6042, 9, 86, 51, 30, 1640304548),
(6043, 5, 40, 35, 24, 1640304548),
(6044, 6, 56, 36, 8, 1640304548),
(6045, 5, 32, 35, 9, 1640304548),
(6046, 5, 44, 35, 9, 1640304548),
(6047, 12, 96, 54, 20, 1640304548),
(6048, 5, 45, 35, 28, 1640304548),
(6049, 5, 28, 43, 13, 1640304548),
(6050, 8, 76, 36, 11, 1640304548),
(6051, 6, 56, 36, 8, 1640304548),
(6052, 11, 81, 50, 15, 1640304548),
(6053, 8, 77, 39, 11, 1640304548),
(6054, 12, 95, 54, 16, 1640304548),
(6055, 11, 81, 50, 15, 1640304548),
(6056, 11, 79, 46, 15, 1640304548),
(6057, 5, 33, 35, 9, 1640304548),
(6058, 5, 43, 35, 7, 1640304548),
(6059, 6, 54, 39, 8, 1640304548),
(6060, 5, 28, 43, 13, 1640304548),
(6061, 5, 35, 35, 9, 1640304548),
(6062, 5, 45, 35, 28, 1640304548),
(6063, 9, 89, 50, 30, 1640304548),
(6064, 6, 56, 36, 8, 1640304548),
(6065, 11, 78, 58, 13, 1640304548),
(6066, 8, 77, 39, 11, 1640304548),
(6067, 5, 37, 38, 9, 1640304548),
(6068, 10, 62, 57, 30, 1640304548),
(6069, 7, 51, 49, 18, 1640304548),
(6070, 5, 44, 35, 9, 1640304548),
(6071, 8, 76, 36, 11, 1640304548),
(6072, 5, 43, 35, 7, 1640304548),
(6073, 9, 90, 50, 30, 1640304548);

-- --------------------------------------------------------

--
-- Struktur dari tabel `produk`
--

CREATE TABLE `produk` (
  `id` int(11) NOT NULL,
  `kategoriId` int(11) NOT NULL,
  `merkId` int(11) NOT NULL,
  `sizeId` int(11) NOT NULL,
  `kode_produk` varchar(255) NOT NULL,
  `type` varchar(255) NOT NULL,
  `harga` int(11) NOT NULL,
  `stok` int(11) NOT NULL
) ENGINE=InnoDB DEFAULT CHARSET=utf8mb4;

--
-- Dumping data untuk tabel `produk`
--

INSERT INTO `produk` (`id`, `kategoriId`, `merkId`, `sizeId`, `kode_produk`, `type`, `harga`, `stok`) VALUES
(23, 5, 35, 7, 'BRG01', 'Venus', 1000000, 50),
(24, 5, 38, 7, 'BRG02', '899', 1050000, 2),
(25, 5, 35, 7, 'BRG03', 'Pandora', 1200000, 11),
(26, 5, 35, 7, 'BRG04', 'Oceana', 1200000, 74),
(27, 5, 35, 13, 'BRG05', 'Fuji', 450000, 25),
(28, 5, 43, 13, 'BRG06', 'DT-820QD', 550000, 35),
(29, 5, 44, 13, 'BRG07', 'SR8899', 550000, 66),
(30, 5, 35, 13, 'BRG08', 'Olympus', 700000, 37),
(31, 5, 48, 13, 'BRG09', '897R', 600000, 64),
(32, 5, 35, 9, 'BRG10', 'Manchester', 1500000, 12),
(33, 5, 35, 9, 'BRG11', 'Liverpool', 1500000, 74),
(34, 5, 35, 9, 'BRG12', 'Titanium', 1750000, 23),
(35, 5, 35, 9, 'BRG13', 'Diamond', 1750000, 69),
(36, 5, 44, 7, 'BRG14', 'SR8899', 1000000, 12),
(37, 5, 38, 9, 'BRG15', '899', 1500000, 26),
(38, 5, 38, 24, 'BRG16', '899', 2100000, 38),
(40, 5, 35, 24, 'BRG18', 'Champion', 2000000, 22),
(41, 5, 35, 7, 'BRG19', 'Thypoon', 2500000, 43),
(42, 5, 35, 7, 'BRG20', 'HT8871UKM', 1600000, 24),
(43, 5, 35, 7, 'BRG21', 'HT8870UKM', 1500000, 18),
(44, 5, 35, 9, 'BRG22', 'Hollywood', 2000000, 26),
(45, 5, 35, 28, 'BRG23', 'HT8902', 2750000, 34),
(46, 5, 48, 26, 'BRG24', '899F', 1650000, 37),
(47, 13, 43, 19, 'BRG25', 'DS-12230DW', 3300000, 25),
(48, 7, 36, 22, 'BRG26', '52UV60RG', 2750000, 16),
(49, 7, 36, 22, 'BRG27', '24D123', 1700000, 14),
(50, 7, 37, 17, 'BRG28', '24LE1701', 1500000, 12),
(51, 7, 49, 18, 'BRG29', '32D1852', 2100000, 17),
(52, 7, 37, 18, 'BRG30', 'C32BA11', 2000000, 19),
(53, 6, 39, 14, 'BRG31', 'QW781XT', 1300000, 12),
(54, 6, 39, 8, 'BRG32', '851XT', 1400000, 12),
(55, 6, 36, 14, 'BRG33', '7363', 1300000, 18),
(56, 6, 36, 8, 'BRG34', '8363', 1500000, 17),
(57, 6, 53, 25, 'BRG35', '65MW', 1350000, 12),
(58, 6, 53, 14, 'BRG36', 'ES-T75NT-BL', 1700000, 200),
(59, 6, 53, 23, 'BRG37', 'ES-T65NT-BL', 1400000, 200),
(60, 10, 55, 30, 'BRG38', '260', 225000, 73),
(61, 10, 55, 30, 'BRG39', '270', 300000, 101),
(62, 10, 57, 30, 'BRG40', 'BETA58', 200000, 25),
(63, 10, 57, 30, 'BRG41', 'JK813', 150000, 20),
(64, 10, 45, 30, 'BRG42', 'DM1300', 75000, 36),
(65, 10, 38, 30, 'BRG43', 'SN909', 225000, 56),
(66, 6, 41, 8, 'BRG44', 'DW8907B', 1300000, 200),
(67, 6, 41, 8, 'BRG45', 'DW9808', 1200000, 200),
(68, 6, 56, 31, 'BRG46', 'VH-H75M', 1300000, 200),
(69, 6, 56, 32, 'BRG47', 'VH-H85M', 1500000, 200),
(70, 6, 39, 8, 'BRG48', '881XT', 1600000, 200),
(71, 6, 42, 12, 'BRG49', 'WT12J4200MB', 3100000, 200),
(72, 6, 39, 8, 'BRG50', '880XT', 1500000, 200),
(73, 8, 39, 21, 'BRG51', 'D 190 S', 2000000, 200),
(74, 8, 0, 11, 'BRG52', 'GN-B195SQMT', 4125000, 200),
(75, 8, 39, 11, 'BRG53', 'D 240', 2650000, 200),
(76, 8, 36, 11, 'BRG54', 'PRW 23 MN', 3200000, 200),
(77, 8, 39, 11, 'BRG55', 'D251', 3000000, 200),
(78, 11, 58, 13, 'BRG56', 'AR 138', 100000, 200),
(79, 11, 46, 15, 'BRG57', '16SDB', 270000, 200),
(80, 11, 52, 15, 'BRG58', '1601', 300000, 200),
(81, 11, 50, 15, 'BRG59', 'KAS 1607', 250000, 200),
(82, 11, 46, 7, 'BRG60', '12LDA', 235000, 200),
(83, 9, 40, 30, 'BRG61', 'EDI2004', 250000, 200),
(84, 9, 40, 30, 'BRG62', 'EDI1004', 235000, 200),
(85, 9, 51, 30, 'BRG63', 'GC122', 225000, 200),
(86, 9, 51, 30, 'BRG64', 'HD1173', 300000, 200),
(87, 9, 51, 30, 'BRG65', 'HD1172', 330000, 200),
(88, 9, 46, 30, 'BRG66', '4310N', 150000, 200),
(89, 9, 50, 30, 'BRG67', '1008M', 125000, 200),
(90, 9, 50, 30, 'BRG68', 'EL 1000M', 125000, 200),
(91, 9, 61, 30, 'BRG69', 'HA-365', 200000, 200),
(92, 12, 47, 16, 'BRG70', '201 EMS', 400000, 200),
(93, 12, 47, 16, 'BRG71', '201 DMPC', 350000, 200),
(94, 12, 47, 33, 'BRG72', '101 RB', 200000, 200),
(95, 12, 54, 16, 'BRG73', 'RI 302 S', 300000, 200),
(96, 12, 54, 20, 'BRG74', 'RI - 514 E', 650000, 200),
(98, 12, 54, 16, 'BRG76', 'RI - 522 E', 360000, 200),
(99, 12, 54, 16, 'BRG78', 'RI -712GAB', 765000, 200);

-- --------------------------------------------------------

--
-- Struktur dari tabel `size`
--

CREATE TABLE `size` (
  `id` int(11) NOT NULL,
  `size` varchar(225) NOT NULL
) ENGINE=InnoDB DEFAULT CHARSET=utf8mb4;

--
-- Dumping data untuk tabel `size`
--

INSERT INTO `size` (`id`, `size`) VALUES
(7, '12'),
(8, '2 tabung 8 kg'),
(9, '15'),
(11, '2 pintu'),
(12, '2 tabung 12 kg'),
(13, '8'),
(14, '2 tabung 7 kg'),
(15, '16'),
(16, '2 tungku'),
(17, '24'),
(18, '32'),
(19, '2X12'),
(20, '3 tungku'),
(21, '1 pintu'),
(22, '21'),
(23, '2 tabung 6,5 kg'),
(24, '2 X 10'),
(25, '2 tabung 6 kg'),
(26, '2 x 6'),
(28, '18'),
(30, 'reguler'),
(31, '2 tabung 7,5 kg'),
(32, '2 tabung 8,5 kg'),
(33, '1 tungku'),
(34, '1 tungku');

-- --------------------------------------------------------

--
-- Struktur dari tabel `users`
--

CREATE TABLE `users` (
  `id` int(11) NOT NULL,
  `username` varchar(255) NOT NULL,
  `password` varchar(255) NOT NULL,
  `rule` int(11) NOT NULL
) ENGINE=InnoDB DEFAULT CHARSET=utf8mb4;

--
-- Dumping data untuk tabel `users`
--

INSERT INTO `users` (`id`, `username`, `password`, `rule`) VALUES
(1, 'admin', '$2y$10$xRv63ROFDxIV7pyV4qQeLuFsmAQzGUEfkj/nd99Wkn3RI4bkvkYQC', 2),
(2, 'pimpinan', '$2y$10$JQpD0i.iiK43AMycLrV5F.hvXkHpjz7WrudqRJLWeCbPB4qKtRL0C', 1);

--
-- Indexes for dumped tables
--

--
-- Indeks untuk tabel `kategori`
--
ALTER TABLE `kategori`
  ADD PRIMARY KEY (`id`);

--
-- Indeks untuk tabel `merk`
--
ALTER TABLE `merk`
  ADD PRIMARY KEY (`id`);

--
-- Indeks untuk tabel `penjualan`
--
ALTER TABLE `penjualan`
  ADD PRIMARY KEY (`id`);

--
-- Indeks untuk tabel `produk`
--
ALTER TABLE `produk`
  ADD PRIMARY KEY (`id`);

--
-- Indeks untuk tabel `size`
--
ALTER TABLE `size`
  ADD PRIMARY KEY (`id`);

--
-- Indeks untuk tabel `users`
--
ALTER TABLE `users`
  ADD PRIMARY KEY (`id`);

--
-- AUTO_INCREMENT untuk tabel yang dibuang
--

--
-- AUTO_INCREMENT untuk tabel `kategori`
--
ALTER TABLE `kategori`
  MODIFY `id` int(11) NOT NULL AUTO_INCREMENT, AUTO_INCREMENT=14;

--
-- AUTO_INCREMENT untuk tabel `merk`
--
ALTER TABLE `merk`
  MODIFY `id` int(11) NOT NULL AUTO_INCREMENT, AUTO_INCREMENT=64;

--
-- AUTO_INCREMENT untuk tabel `penjualan`
--
ALTER TABLE `penjualan`
  MODIFY `id` int(11) NOT NULL AUTO_INCREMENT, AUTO_INCREMENT=6074;

--
-- AUTO_INCREMENT untuk tabel `produk`
--
ALTER TABLE `produk`
  MODIFY `id` int(11) NOT NULL AUTO_INCREMENT, AUTO_INCREMENT=100;

--
-- AUTO_INCREMENT untuk tabel `size`
--
ALTER TABLE `size`
  MODIFY `id` int(11) NOT NULL AUTO_INCREMENT, AUTO_INCREMENT=35;

--
-- AUTO_INCREMENT untuk tabel `users`
--
ALTER TABLE `users`
  MODIFY `id` int(11) NOT NULL AUTO_INCREMENT, AUTO_INCREMENT=3;
COMMIT;

/*!40101 SET CHARACTER_SET_CLIENT=@OLD_CHARACTER_SET_CLIENT */;
/*!40101 SET CHARACTER_SET_RESULTS=@OLD_CHARACTER_SET_RESULTS */;
/*!40101 SET COLLATION_CONNECTION=@OLD_COLLATION_CONNECTION */;
